"search-number","evaluation","exploration-probability*","exploration-radius*","fitness","num-replicates","best-fitness-so-far","best-fitness-rechecked"
"1","5","0.6009308003356985","10.803768978408485","9.347613314054231E10","5","9.347613314054231E10","9.347410410792883E10"
"1","10","0.59829098954757","1.196231021591516","8.953566047966666E10","5","8.953566047966666E10","8.96457255187761E10"
"1","15","0.5982757305256733","1.196231021591516","8.653315545787271E10","5","8.653315545787271E10","8.878922305374919E10"
"1","20","0.5982757305256733","3.3036545357442586","9.295567559802112E10","5","8.653315545787271E10","8.878922305374919E10"
"1","25","0.5983825436789502","1.1161211566338598","8.937310681124448E10","5","8.653315545787271E10","8.878922305374919E10"
"1","30","0.5982757305256733","1.272373540856031","9.157709099644633E10","5","8.653315545787271E10","8.878922305374919E10"
"1","35","0.5982757305256733","5.803692683299","9.169495850076872E10","5","8.653315545787271E10","8.878922305374919E10"
"1","40","0.4017242694743267","1.196231021591516","8.438799175102908E10","5","8.438799175102908E10","8.172701991046649E10"
"1","45","0.4017242694743267","1.1954680704966811","8.535199720021585E10","5","8.438799175102908E10","8.172701991046649E10"
"1","50","0.41077286945906766","1.1161211566338598","8.646276266767644E10","5","8.438799175102908E10","8.172701991046649E10"
"1","55","0.40161745632104984","1.196231021591516","8.265849581004298E10","5","8.265849581004298E10","8.310201175892734E10"
"1","60","0.10077058060578317","2.2098878461890594","3.5929023649512726E10","5","3.5929023649512726E10","3.611495253673739E10"
"1","65","0.09452964065003433","2.1923399710078586","3.1544949333337055E10","5","3.1544949333337055E10","3.72157356048961E10"
"1","70","0.9052872510872053","1.682536049439231","9.884799681017337E10","5","3.1544949333337055E10","3.72157356048961E10"
"1","75","0.0929579613946746","9.807507438773175","2.6501352036710457E10","5","2.6501352036710457E10","2.578579452379864E10"
"1","80","0.4071717402914473","9.807507438773175","8.757504996982635E10","5","2.6501352036710457E10","2.578579452379864E10"
"1","85","0.03143358510719463","2.1924925612268256","2.0535412592494255E10","5","2.0535412592494255E10","1.6183745151317938E10"
"1","90","0.03143358510719463","9.848859388113222","2.8131326175926554E8","5","2.8131326175926554E8","1.0320448178238815E8"
"1","95","0.21855497062638285","9.885481040665294","7.000779927015619E10","5","2.8131326175926554E8","1.0320448178238815E8"
"1","100","0.03141832608529793","9.848859388113222","4.881298248220345E8","5","2.8131326175926554E8","1.0320448178238815E8"
"1","105","0.9611505302510109","9.848859388113222","9.664787604771805E10","5","2.8131326175926554E8","1.0320448178238815E8"
"1","110","0.03143358510719463","9.84901197833219","1.073717794885409E8","5","1.073717794885409E8","2.098861826434246E8"
"1","115","0.046677347981994355","9.84901197833219","1.2419318489827623E9","5","1.073717794885409E8","2.098861826434246E8"
"1","120","0.03129625391012436","9.829480430304418","1.3763377940460435E8","5","1.073717794885409E8","2.098861826434246E8"
"1","125","0.2111238269626917","9.84901197833219","6.995921629030177E10","5","1.073717794885409E8","2.098861826434246E8"
"1","130","0.03143358510719463","9.850080109864958","1.3787169532929546E8","5","1.073717794885409E8","2.098861826434246E8"
"1","135","0.031036850537880523","9.848859388113222","1.423564898802783E8","5","1.073717794885409E8","2.098861826434246E8"
"1","140","0.032028686961165787","2.150988021667811","4.738976610129362E9","5","1.073717794885409E8","2.098861826434246E8"
"1","145","0.03886472877088579","9.84901197833219","3.5867514949104655E8","5","1.073717794885409E8","2.098861826434246E8"
"1","150","0.03143358510719463","9.856183718623637","1.0797137098653965E8","5","1.073717794885409E8","2.098861826434246E8"
"1","155","0.03143358510719463","2.1438162813763637","1.133427927497814E10","5","1.073717794885409E8","2.098861826434246E8"
"1","160","0.03479056992446784","9.653543907835507","6.413236970839379E7","5","6.413236970839379E7","1.3172458319904676E8"
"1","165","0.027695124742504004","9.653543907835507","1.2851830451766601E8","5","6.413236970839379E7","1.3172458319904676E8"
"1","170","0.04332036316472114","9.653543907835507","1.1417198024846234E9","5","6.413236970839379E7","1.3172458319904676E8"
"1","175","0.028931105516136417","9.652475776302738","1.346608667472627E8","5","6.413236970839379E7","1.3172458319904676E8"
"1","180","0.03483634699015793","9.653543907835507","1.3285743509099028E8","5","6.413236970839379E7","1.3172458319904676E8"
"1","185","0.03355458915083543","9.653543907835507","4.0638655909122206E7","5","4.0638655909122206E7","1.821505200470561E8"
"1","190","0.4085603112840467","9.846570534828718","8.734659112478804E10","5","4.0638655909122206E7","1.821505200470561E8"
"1","195","0.03355458915083543","8.596551461051346","1.5932291536356694E8","5","4.0638655909122206E7","1.821505200470561E8"
"1","200","0.03479056992446784","9.218966964217593","2.427768255994792E8","5","4.0638655909122206E7","1.821505200470561E8"
"1","205","0.056992446784161134","8.596551461051346","3.465802029218131E9","5","4.0638655909122206E7","1.821505200470561E8"
"1","210","0.06016632333867399","9.661020828564888","6.619190053511019E9","5","4.0638655909122206E7","1.821505200470561E8"
"1","215","0.18980697337300678","9.653543907835507","6.285026716571635E10","5","4.0638655909122206E7","1.821505200470561E8"
"1","220","0.03355458915083543","9.682841229877164","1.3812730573788673E8","5","4.0638655909122206E7","1.821505200470561E8"
"1","225","0.0921492332341497","9.653543907835507","2.70058524602391E10","5","4.0638655909122206E7","1.821505200470561E8"
"1","230","0.03356984817273213","9.654154268711375","3.213639378511684E8","5","4.0638655909122206E7","1.821505200470561E8"
"1","235","0.044586861982146946","9.661020828564888","7.845614359585329E8","5","4.0638655909122206E7","1.821505200470561E8"
"1","240","0.03355458915083543","9.653696498054474","6.976255028326148E8","5","4.0638655909122206E7","1.821505200470561E8"
"1","245","0.03355458915083543","7.346532387273975","7.824896821931221E8","5","4.0638655909122206E7","1.821505200470561E8"
"1","250","0.09143205920500495","9.61219195849546","2.9324081410736427E10","5","4.0638655909122206E7","1.821505200470561E8"
"1","255","0.033447775997558556","9.652475776302738","2.871618353189932E8","5","4.0638655909122206E7","1.821505200470561E8"
"1","260","0.03355458915083543","9.846570534828718","2.3179499103365856E8","5","4.0638655909122206E7","1.821505200470561E8"
"1","265","0.04455634393835355","9.653543907835507","1.1036321772350976E9","5","4.0638655909122206E7","1.821505200470561E8"
"1","270","0.034042877851529714","9.653543907835507","1.7787469829451084E8","5","4.0638655909122206E7","1.821505200470561E8"
"1","275","0.03355458915083543","9.731212329289692","1.526810598486308E8","5","4.0638655909122206E7","1.821505200470561E8"
"1","280","0.06018158236057069","9.660868238345921","6.928980613289213E9","5","4.0638655909122206E7","1.821505200470561E8"
"1","285","0.017929350728618294","9.653696498054474","2.656025814520565E9","5","4.0638655909122206E7","1.821505200470561E8"
"1","290","0.03355458915083543","9.65842679484245","1.583217002376024E8","5","4.0638655909122206E7","1.821505200470561E8"
"1","295","0.03355458915083543","9.65339131761654","4.614549363457383E7","5","4.0638655909122206E7","1.821505200470561E8"
"1","300","0.4977340352483406","9.653543907835507","8.97679212890094E10","5","4.0638655909122206E7","1.821505200470561E8"
"2","5","0.5402761882963302","3.170748455024033","9.058394636648996E10","5","9.058394636648996E10","8.898236352524353E10"
"2","10","0.5402761882963302","1.3291371023117418","9.155171770417717E10","5","9.058394636648996E10","8.898236352524353E10"
"2","15","0.5402761882963302","3.8291752498664837","8.926451835976904E10","5","8.926451835976904E10","8.956232675993365E10"
"2","20","0.5401693751430533","5.670786602578775","9.047254454942953E10","5","8.926451835976904E10","8.956232675993365E10"
"2","25","0.5402761882963302","3.873884184023804","9.011180198136472E10","5","8.926451835976904E10","8.956232675993365E10"
"2","30","0.5529716945143817","3.8291752498664837","9.123465087689648E10","5","8.926451835976904E10","8.956232675993365E10"
"2","35","0.5402761882963302","3.952468146791791","9.133250580705582E10","5","8.926451835976904E10","8.956232675993365E10"
"2","40","0.9597467002365149","3.824292362859541","9.934766826262589E10","5","8.926451835976904E10","8.956232675993365E10"
"2","45","0.5407797360189212","3.9654383154039827","9.03560095570396E10","5","8.926451835976904E10","8.956232675993365E10"
"2","50","0.5417563134203097","3.828717479209583","8.93551920602328E10","5","8.926451835976904E10","8.956232675993365E10"
"2","55","0.5412527656977187","1.9224078736552987","8.89417471084204E10","5","8.89417471084204E10","8.685625605388254E10"
"2","60","0.5412527656977187","1.3276112001220721","8.676310738940674E10","5","8.676310738940674E10","9.209830681630435E10"
"2","65","0.5412222476539253","1.874494544899672","9.00764336248051E10","5","8.676310738940674E10","9.209830681630435E10"
"2","70","0.5417563134203097","1.3314259555962462","8.978157560229324E10","5","8.676310738940674E10","9.209830681630435E10"
"2","75","0.5417563134203097","1.2977035172045472","8.994016548616165E10","5","8.676310738940674E10","9.209830681630435E10"
"2","80","0.5412527656977187","10.672388799877927","9.265813045561514E10","5","8.676310738940674E10","9.209830681630435E10"
"2","85","0.5412527656977187","3.046387426565957","9.082692695066576E10","5","8.676310738940674E10","9.209830681630435E10"
"2","90","0.5427328908216983","10.66369115739681","9.194805799459317E10","5","8.676310738940674E10","9.209830681630435E10"
"2","95","0.5417563134203097","1.609750514991989","8.790392927066325E10","5","8.676310738940674E10","9.209830681630435E10"
"2","100","0.5407797360189212","3.1722743572137024","8.992415857860345E10","5","8.676310738940674E10","9.209830681630435E10"
"2","105","0.5524986648355841","1.4838635843442436","8.969703636900754E10","5","8.676310738940674E10","9.209830681630435E10"
"2","110","0.5407797360189212","1.375371938658732","8.948737153688983E10","5","8.676310738940674E10","9.209830681630435E10"
"2","115","0.5524986648355841","1.3276112001220721","8.479423932793005E10","5","8.479423932793005E10","8.895116686038068E10"
"2","120","0.5525139238574808","1.3276112001220721","8.347107809575204E10","5","8.347107809575204E10","9.148729625831522E10"
"2","125","0.5525139238574808","1.375219348439765","8.835047402214388E10","5","8.347107809575204E10","9.148729625831522E10"
"2","130","0.5724879835202563","1.3276112001220721","9.066670457571191E10","5","8.347107809575204E10","9.148729625831522E10"
"2","135","0.5525139238574808","1.375371938658732","9.32957873677409E10","5","8.347107809575204E10","9.148729625831522E10"
"2","140","0.5495841916533151","1.327763790341039","9.367268478712837E10","5","8.347107809575204E10","9.148729625831522E10"
"2","145","0.5519798580910964","1.3276112001220721","8.997270388845627E10","5","8.347107809575204E10","9.148729625831522E10"
"2","150","0.5527122911421378","1.3276112001220721","8.900692547765999E10","5","8.347107809575204E10","9.148729625831522E10"
"2","155","0.5099870298313878","3.173342488746471","8.956680329176974E10","5","8.347107809575204E10","9.148729625831522E10"
"2","160","0.5525139238574808","5.390173189898528","9.10928994490131E10","5","8.347107809575204E10","9.148729625831522E10"
"2","165","0.44802014190890366","1.3276112001220721","8.138614410966234E10","5","8.138614410966234E10","8.079058616619983E10"
"2","170","0.48708323796444647","1.3276112001220721","8.865437175646562E10","5","8.138614410966234E10","8.079058616619983E10"
"2","175","0.44809643701838714","1.3274586099031052","8.743385573243906E10","5","8.138614410966234E10","8.079058616619983E10"
"2","180","0.04957656214236667","10.672388799877927","2.4463057476839767E9","5","2.4463057476839767E9","1.8913861896148922E9"
"2","185","0.04957656214236667","6.327534905012588","1.3624419202579846E9","5","1.3624419202579846E9","2.4580824995376215E9"
"2","190","0.05978484779125658","6.327534905012588","6.316977738813146E9","5","1.3624419202579846E9","2.4580824995376215E9"
"2","195","0.07541008621347371","8.172503242542152","1.6245591883781052E10","5","1.3624419202579846E9","2.4580824995376215E9"
"2","200","0.04957656214236667","5.672465094987412","4.087795094526492E9","5","1.3624419202579846E9","2.4580824995376215E9"
"2","205","0.04415960936903945","6.371480888075074","1.589517671278465E9","5","1.3624419202579846E9","2.4580824995376215E9"
"2","210","0.04959182116426337","6.327534905012588","3.331542425012748E9","5","1.3624419202579846E9","2.4580824995376215E9"
"2","215","0.04957656214236667","6.326771953917754","3.3647464067213335E9","5","1.3624419202579846E9","2.4580824995376215E9"
"2","220","0.049561303120469975","6.327687495231555","2.798996683367513E9","5","1.3624419202579846E9","2.4580824995376215E9"
"2","225","0.04415960936903945","6.444724193179217","9.445016030913521E8","5","9.445016030913521E8","1.5257547326018126E9"
"2","230","0.04415960936903945","6.448844129091325","2.1233737309607697E9","5","9.445016030913521E8","1.5257547326018126E9"
"2","235","0.04415960936903945","6.414663920042726","1.801042415756391E9","5","9.445016030913521E8","1.5257547326018126E9"
"2","240","0.04567025253681239","6.445181963836118","1.7031135544614403E9","5","9.445016030913521E8","1.5257547326018126E9"
"2","245","0.018326085297932403","6.444724193179217","2.5158270186327095E9","5","9.445016030913521E8","1.5257547326018126E9"
"2","250","0.043717097734035246","6.444724193179217","1.344999343567653E9","5","9.445016030913521E8","1.5257547326018126E9"
"2","255","0.043961242084382395","6.444724193179217","1.5874781003575864E9","5","9.445016030913521E8","1.5257547326018126E9"
"2","260","0.04414435034714275","6.444724193179217","1.3806161337511914E9","5","9.445016030913521E8","1.5257547326018126E9"
"2","265","0.04415960936903945","6.445181963836118","1.5764407558772511E9","5","9.445016030913521E8","1.5257547326018126E9"
"2","270","0.04415960936903945","6.453727016098268","1.6836973091014273E9","5","9.445016030913521E8","1.5257547326018126E9"
"2","275","0.04415960936903945","8.055313954375524","9.940615391913354E8","5","9.445016030913521E8","1.5257547326018126E9"
"2","280","0.043717097734035246","5.585336079957274","1.6451057304046888E9","5","9.445016030913521E8","1.5257547326018126E9"
"2","285","0.043717097734035246","6.448844129091325","1.09235569714493E9","5","9.445016030913521E8","1.5257547326018126E9"
"2","290","0.043961242084382395","6.445181963836118","1.9724828098634593E9","5","9.445016030913521E8","1.5257547326018126E9"
"2","295","0.044174868390936144","6.336079957274738","2.5046520034452066E9","5","9.445016030913521E8","1.5257547326018126E9"
"2","300","0.9558403906309606","8.319752803845272","9.632952079298334E10","5","9.445016030913521E8","1.5257547326018126E9"
"3","5","0.4042572671091783","5.794079499504082","8.528998826069975E10","5","8.528998826069975E10","8.565369014338985E10"
"3","10","0.40408941786831465","5.794079499504082","8.587137830604126E10","5","8.528998826069975E10","8.565369014338985E10"
"3","15","0.4042572671091783","5.785992217898833","8.587717674616727E10","5","8.528998826069975E10","8.565369014338985E10"
"3","20","0.4042572671091783","5.595559624628061","8.498224322479312E10","5","8.498224322479312E10","8.539652788565579E10"
"3","25","0.4042572671091783","5.595254444190127","8.506938605184857E10","5","8.498224322479312E10","8.539652788565579E10"
"3","30","0.40408941786831465","5.595559624628061","8.633278387310571E10","5","8.498224322479312E10","8.539652788565579E10"
"3","35","0.404272526131075","5.595559624628061","8.46805889009613E10","5","8.46805889009613E10","8.530512943866599E10"
"3","40","0.39259937438010223","5.596322575722896","8.461734286808084E10","5","8.461734286808084E10","8.57304922129333E10"
"3","45","0.39259937438010223","5.459601739528496","8.460704642668239E10","5","8.460704642668239E10","8.53136432547177E10"
"3","50","0.38864728770885787","1.5403219653620202","8.018048111040895E10","5","8.018048111040895E10","8.387353955839629E10"
"3","55","0.48635080491340504","1.7356374456397345","8.770609382303622E10","5","8.018048111040895E10","8.387353955839629E10"
"3","60","0.3877164873731594","1.5435263599603264","8.426607364947556E10","5","8.018048111040895E10","8.387353955839629E10"
"3","65","0.3869382772564279","1.5401693751430532","8.262635692699529E10","5","8.018048111040895E10","8.387353955839629E10"
"3","70","0.3885709925993744","1.5403219653620202","8.075097412570432E10","5","8.018048111040895E10","8.387353955839629E10"
"3","75","0.38828107118333716","1.0813305867093919","8.225858983061063E10","5","8.018048111040895E10","8.387353955839629E10"
"3","80","0.11178759441519799","1.541084916456855","3.921147929100616E10","5","3.921147929100616E10","3.920112626957585E10"
"3","85","0.1445029373617151","10.458915083543145","5.248839395530005E10","5","3.921147929100616E10","3.920112626957585E10"
"3","90","0.11158922713054094","1.541084916456855","4.053074685480675E10","5","3.921147929100616E10","3.920112626957585E10"
"3","95","0.08053711757076372","1.541084916456855","2.6559819621963486E10","5","2.6559819621963486E10","2.935594220257395E10"
"3","100","0.41945525291828795","1.541084916456855","8.420861913524498E10","5","2.6559819621963486E10","2.935594220257395E10"
"3","105","0.08052185854886702","1.541084916456855","3.1816776953504078E10","5","2.6559819621963486E10","2.935594220257395E10"
"3","110","0.07272449835965515","1.541084916456855","2.0938223177592308E10","5","2.0938223177592308E10","2.772859548740398E10"
"3","115","0.07277027542534524","1.541084916456855","2.6603122934772778E10","5","2.0938223177592308E10","2.772859548740398E10"
"3","120","0.07570000762951094","1.541084916456855","3.0936761537402973E10","5","2.0938223177592308E10","2.772859548740398E10"
"3","125","0.06788738841840238","1.541084916456855","2.622180613216046E10","5","2.0938223177592308E10","2.772859548740398E10"
"3","130","0.07272449835965515","2.958342870222019","1.980458014267763E10","5","1.980458014267763E10","1.935761771718813E10"
"3","135","0.07228198672465096","3.416571297779812","1.6413917309465342E10","5","1.6413917309465342E10","1.7077194503082458E10"
"3","140","0.07223620965896085","3.4161135271229113","1.8898261466945744E10","5","1.6413917309465342E10","1.7077194503082458E10"
"3","145","0.07228198672465096","1.0833142595559624","2.463466562769033E10","5","1.6413917309465342E10","1.7077194503082458E10"
"3","150","0.07229724574654765","3.416571297779812","1.8785936819815487E10","5","1.6413917309465342E10","1.7077194503082458E10"
"3","155","0.9277180132753491","3.416571297779812","9.961556105378374E10","5","1.6413917309465342E10","1.7077194503082458E10"
"3","160","0.07248035400930801","2.333333333333333","2.104654810407578E10","5","1.6413917309465342E10","1.7077194503082458E10"
"3","165","0.07228198672465096","3.409246967269398","1.6121261419810268E10","5","1.6121261419810268E10","1.7097251728855555E10"
"3","170","0.07228198672465096","3.4075684748607613","1.6180230633943775E10","5","1.6121261419810268E10","1.7097251728855555E10"
"3","175","0.08351262684061951","3.409246967269398","2.4530316744974022E10","5","1.6121261419810268E10","1.7097251728855555E10"
"3","180","0.32228580148012514","3.409246967269398","8.100687422778616E10","5","1.6121261419810268E10","1.7097251728855555E10"
"3","185","0.07277027542534524","2.399252307927062","2.054175237025277E10","5","1.6121261419810268E10","1.7097251728855555E10"
"3","190","0.06832990005340657","3.409399557488365","1.9639547617443535E10","5","1.6121261419810268E10","1.7097251728855555E10"
"3","195","0.07228198672465096","2.3406576638437473","1.991499068997953E10","5","1.6121261419810268E10","1.7097251728855555E10"
"3","200","0.07321278706034944","3.409246967269398","1.8316238048628838E10","5","1.6121261419810268E10","1.7097251728855555E10"
"3","205","0.048844129091325246","3.409246967269398","7.301179680121036E9","5","7.301179680121036E9","5.563178584586612E9"
"3","210","0.049774929427023724","2.3348592355230027","1.6757822851197891E10","5","7.301179680121036E9","5.563178584586612E9"
"3","215","0.4511482413977264","3.409246967269398","8.68371947504413E10","5","7.301179680121036E9","5.563178584586612E9"
"3","220","0.4511482413977264","1.1435873960479133","8.630398712259366E10","5","7.301179680121036E9","5.563178584586612E9"
"3","225","0.45510032806897077","3.409094377050431","8.902411408202975E10","5","7.301179680121036E9","5.563178584586612E9"
"3","230","0.013641565575646601","3.409246967269398","4.437188997720069E10","5","7.301179680121036E9","5.563178584586612E9"
"3","235","0.45065995269703213","3.5906767376211186","8.852047556253738E10","5","7.301179680121036E9","5.563178584586612E9"
"3","240","0.04882887006942855","3.409246967269398","5.442370939809724E9","5","5.442370939809724E9","5.497322887755242E9"
"3","245","0.04882887006942855","2.1592278934920275","1.3488799590948969E10","5","5.442370939809724E9","5.497322887755242E9"
"3","250","0.07615777828641183","3.408789196612497","2.338817501275649E10","5","5.442370939809724E9","5.497322887755242E9"
"3","255","0.05271992065308614","3.2781719691767757","8.796308216649067E9","5","5.442370939809724E9","5.497322887755242E9"
"3","260","0.050766765850308995","3.409246967269398","8.420117185998423E9","5","5.442370939809724E9","5.497322887755242E9"
"3","265","0.04882887006942855","3.40512703135729","1.0086529877435202E10","5","5.442370939809724E9","5.497322887755242E9"
"3","270","0.48633554589150835","2.965667200732433","8.71590836717562E10","5","5.442370939809724E9","5.497322887755242E9"
"3","275","0.04882887006942855","2.965667200732433","7.48334539179404E9","5","5.442370939809724E9","5.497322887755242E9"
"3","280","0.9511711299305714","3.409246967269398","1.0074450355672209E11","5","5.442370939809724E9","5.497322887755242E9"
"3","285","0.04887464713511864","1.0906385900663766","3.545766617827271E10","5","5.442370939809724E9","5.497322887755242E9"
"3","290","0.048844129091325246","3.5908293278400856","8.817801665494486E9","5","5.442370939809724E9","5.497322887755242E9"
"3","295","0.23439383535515373","8.590753032730602","7.167310037315404E10","5","5.442370939809724E9","5.497322887755242E9"
"3","300","0.04882887006942855","3.2786297398336766","4.93372813736071E9","5","4.93372813736071E9","7.560196797351865E9"
"4","5","0.15849546044098572","8.058365758754864","5.583940789608411E10","5","5.583940789608411E10","5.589989570935957E10"
"4","10","0.15849546044098572","7.589608606088349","5.5893352099346825E10","5","5.583940789608411E10","5.589989570935957E10"
"4","15","0.158632791638056","8.057907988097963","5.7627107464269066E10","5","5.583940789608411E10","5.589989570935957E10"
"4","20","0.154009308003357","8.058365758754864","5.5935757750136475E10","5","5.583940789608411E10","5.589989570935957E10"
"4","25","0.1539940489814603","8.062790875104906","5.737138767614378E10","5","5.583940789608411E10","5.589989570935957E10"
"4","30","0.3303730830853742","8.156786449988555","8.2673734419892E10","5","5.583940789608411E10","5.589989570935957E10"
"4","35","0.1539940489814603","6.441672388799878","5.489985606746569E10","5","5.489985606746569E10","5.5234228521335365E10"
"4","40","0.154009308003357","6.441672388799878","5.5550806916381004E10","5","5.489985606746569E10","5.5234228521335365E10"
"4","45","0.12762645914396886","6.441672388799878","4.5379276001628586E10","5","4.5379276001628586E10","4.454574233814103E10"
"4","50","0.12762645914396886","6.49584191653315","4.4803618484793175E10","5","4.4803618484793175E10","4.5070329876569824E10"
"4","55","0.12762645914396886","6.497825589379721","4.443124537658496E10","5","4.443124537658496E10","4.5776802357231926E10"
"4","60","0.12767223620965895","6.527122911421378","4.5871543912559975E10","5","4.443124537658496E10","4.5776802357231926E10"
"4","65","0.12762645914396886","6.615014877546349","4.6498256026146484E10","5","4.443124537658496E10","4.5776802357231926E10"
"4","70","0.15362783245593958","6.497825589379721","5.3327630731585464E10","5","4.443124537658496E10","4.5776802357231926E10"
"4","75","0.12762645914396886","5.248264286259251","4.3942893437923996E10","5","4.3942893437923996E10","4.259621639300923E10"
"4","80","0.2473640039673457","5.248416876478218","7.337553376467912E10","5","4.3942893437923996E10","4.259621639300923E10"
"4","85","0.87177843900206","5.249027237354086","9.636964340898735E10","5","4.3942893437923996E10","4.259621639300923E10"
"4","90","0.1223620965896086","5.248264286259251","4.295016278241363E10","5","4.295016278241363E10","4.209131332146736E10"
"4","95","0.8776836804760815","5.248264286259251","9.549189582556532E10","5","4.295016278241363E10","4.209131332146736E10"
"4","100","0.12225528343633173","5.248264286259251","3.794098051431266E10","5","3.794098051431266E10","4.2859704329726006E10"
"4","105","0.12225528343633173","5.257572289616236","4.278164494466319E10","5","3.794098051431266E10","4.2859704329726006E10"
"4","110","0.12187380788891432","5.267338063630121","4.314248796025799E10","5","3.794098051431266E10","4.2859704329726006E10"
"4","115","0.12225528343633173","6.751735713740749","4.1183954970519875E10","5","3.794098051431266E10","4.2859704329726006E10"
"4","120","0.12225528343633173","5.267338063630121","4.332546509966809E10","5","3.794098051431266E10","4.2859704329726006E10"
"4","125","0.12285038529030289","1.4982070649271382","4.899176639210802E10","5","3.794098051431266E10","4.2859704329726006E10"
"4","130","0.8777447165636683","5.341039139391165","9.592988000256204E10","5","3.794098051431266E10","4.2859704329726006E10"
"4","135","0.12225528343633173","4.876707103074693","4.120856907156166E10","5","3.794098051431266E10","4.2859704329726006E10"
"4","140","0.49785610742351416","5.248264286259251","8.895985585975467E10","5","3.794098051431266E10","4.2859704329726006E10"
"4","145","0.12225528343633173","4.2516975661860075","4.416033176689504E10","5","3.794098051431266E10","4.2859704329726006E10"
"4","150","0.12225528343633173","5.267795834287022","4.348597212698459E10","5","3.794098051431266E10","4.2859704329726006E10"
"4","155","0.12225528343633173","5.228732738231479","3.865635464524869E10","5","3.794098051431266E10","4.2859704329726006E10"
"4","160","0.12227054245822842","5.24780651560235","4.128384686579943E10","5","3.794098051431266E10","4.2859704329726006E10"
"4","165","0.12285038529030289","5.248264286259251","4.136040749330392E10","5","3.794098051431266E10","4.2859704329726006E10"
"4","170","0.8777447165636683","5.189211871519036","9.63090651516777E10","5","3.794098051431266E10","4.2859704329726006E10"
"4","175","0.05975432974746319","5.249027237354086","7.626817227938208E9","5","7.626817227938208E9","8.216969817538142E9"
"4","180","0.03398184176394293","5.249027237354086","8.381573553755589E8","5","8.381573553755589E8","8.779862523823359E8"
"4","185","0.03393606469825284","5.249027237354086","6.604362260179012E8","5","6.604362260179012E8","1.5778264117460265E9"
"4","190","0.03234912642099642","6.750972762645914","3.84736418170395E8","5","3.84736418170395E8","6.850364379218236E8"
"4","195","0.03234912642099642","6.753566796368353","7.668382174431797E8","5","3.84736418170395E8","6.850364379218236E8"
"4","200","0.03234912642099642","7.130159456778821","2.8433887966294885E8","5","2.8433887966294885E8","3.0633315955760014E8"
"4","205","0.034409094377050434","7.130159456778821","1.3934280232532907E8","5","1.3934280232532907E8","4.239479971431334E8"
"4","210","0.03393606469825284","7.056153200579843","1.2416099375500874E8","5","1.2416099375500874E8","4.9667413512130535E8"
"4","215","0.03393606469825284","7.056000610360876","1.1109852736836553E9","5","1.2416099375500874E8","4.9667413512130535E8"
"4","220","0.034409094377050434","7.056153200579843","4.5407638632800215E8","5","1.2416099375500874E8","4.9667413512130535E8"
"4","225","0.1896849011978332","7.056153200579843","6.305458401555043E10","5","1.2416099375500874E8","4.9667413512130535E8"
"4","230","0.03393606469825284","7.072785534447242","2.801011351484825E8","5","1.2416099375500874E8","4.9667413512130535E8"
"4","235","0.034164950026703285","7.056153200579843","2.189848607782382E8","5","1.2416099375500874E8","4.9667413512130535E8"
"4","240","0.09105058365758754","7.443121995880064","2.3645428381211044E10","5","1.2416099375500874E8","4.9667413512130535E8"
"4","245","0.033951323720149536","9.94392309452964","2.706561422693595E8","5","1.2416099375500874E8","4.9667413512130535E8"
"4","250","0.036362249179827576","6.975127794308385","4.810276507850272E8","5","1.2416099375500874E8","4.9667413512130535E8"
"4","255","0.03393606469825284","7.063019760433356","2.8467023444888806E8","5","1.2416099375500874E8","4.9667413512130535E8"
"4","260","0.034164950026703285","6.975127794308385","8.836307472280836E8","5","1.2416099375500874E8","4.9667413512130535E8"
"4","265","0.034042877851529714","7.056153200579843","2.472342176145045E8","5","1.2416099375500874E8","4.9667413512130535E8"
"4","270","0.9660791943236439","7.443884946974899","9.745422718702974E10","5","1.2416099375500874E8","4.9667413512130535E8"
"4","275","0.08084229800869765","7.219272144655528","1.9572996659988968E10","5","1.2416099375500874E8","4.9667413512130535E8"
"4","280","0.46601052872510873","7.092317082475013","8.804280032057474E10","5","1.2416099375500874E8","4.9667413512130535E8"
"4","285","0.0324101625085832","7.0569161516746775","2.9594435741532165E8","5","1.2416099375500874E8","4.9667413512130535E8"
"4","290","0.03393606469825284","7.0170901045243","1.5712768519918534E8","5","1.2416099375500874E8","4.9667413512130535E8"
"4","295","0.036362249179827576","7.056153200579843","1.6695633443081772E8","5","1.2416099375500874E8","4.9667413512130535E8"
"4","300","0.19029526207370107","7.056153200579843","6.296449810184068E10","5","1.2416099375500874E8","4.9667413512130535E8"
"5","5","0.4136415655756466","4.816281376363776","8.572488735279301E10","5","8.572488735279301E10","8.598928399089418E10"
"5","10","0.4136415655756466","4.761806668192569","8.576599356773532E10","5","8.572488735279301E10","8.598928399089418E10"
"5","15","0.4135042343785763","4.816281376363776","8.57846416416563E10","5","8.572488735279301E10","8.598928399089418E10"
"5","20","0.4136415655756466","4.6836804760814825","8.619933743344815E10","5","8.572488735279301E10","8.598928399089418E10"
"5","25","0.46135652704661634","4.820401312275884","8.710934328474692E10","5","8.572488735279301E10","8.598928399089418E10"
"5","30","0.46135652704661634","4.816281376363776","8.888494042019199E10","5","8.572488735279301E10","8.598928399089418E10"
"5","35","0.4105745021744106","7.183718623636225","8.700794518404477E10","5","8.572488735279301E10","8.598928399089418E10"
"5","40","0.4136415655756466","5.308690012970168","8.58368852146135E10","5","8.572488735279301E10","8.598928399089418E10"
"5","45","0.4136415655756466","4.817959868772412","8.591035916248007E10","5","8.572488735279301E10","8.598928399089418E10"
"5","50","0.40192263675898376","4.816281376363776","8.60585520566875E10","5","8.572488735279301E10","8.598928399089418E10"
"5","55","0.4136415655756466","9.81635767147326","8.690789819746753E10","5","8.572488735279301E10","8.598928399089418E10"
"5","60","0.41339742122529943","4.816281376363776","8.604417357966508E10","5","8.572488735279301E10","8.598928399089418E10"
"5","65","0.5863584344243534","4.816281376363776","9.086699682052882E10","5","8.572488735279301E10","8.598928399089418E10"
"5","70","0.41168841077286944","4.816281376363776","8.630786169701195E10","5","8.572488735279301E10","8.598928399089418E10"
"5","75","0.3988555733577478","4.816281376363776","8.484957326185736E10","5","8.484957326185736E10","8.552907052681601E10"
"5","80","0.39899290455481806","4.816281376363776","8.511484973270322E10","5","8.484957326185736E10","8.552907052681601E10"
"5","85","0.3988097962920577","4.8010223544670785","8.56187729609011E10","5","8.484957326185736E10","8.552907052681601E10"
"5","90","0.35114061188677803","5.308842603189135","8.304796019358714E10","5","8.304796019358714E10","8.311303413787341E10"
"5","95","0.35114061188677803","10.30891889829862","8.446976903580327E10","5","8.304796019358714E10","8.311303413787341E10"
"5","100","0.3530937666895552","4.191119249256123","8.305626920359961E10","5","8.304796019358714E10","8.311303413787341E10"
"5","105","0.35114061188677803","4.816128786144809","8.251859176740083E10","5","8.251859176740083E10","8.190831876443524E10"
"5","110","0.3988555733577478","4.816128786144809","8.553376438074423E10","5","8.251859176740083E10","8.190831876443524E10"
"5","115","0.35114061188677803","4.97238117036698","8.370182511973332E10","5","8.251859176740083E10","8.190831876443524E10"
"5","120","0.35112535286488133","4.816128786144809","8.376462844018541E10","5","8.251859176740083E10","8.190831876443524E10"
"5","125","0.35100328068970776","7.003662165255207","8.263990427509512E10","5","8.251859176740083E10","8.190831876443524E10"
"5","130","0.47309071488517584","4.820553902494851","8.881604827717746E10","5","8.251859176740083E10","8.190831876443524E10"
"5","135","0.35114061188677803","2.1837949187457086","8.317028070711491E10","5","8.251859176740083E10","8.190831876443524E10"
"5","140","0.35114061188677803","7.183871213855192","8.335113323512213E10","5","8.251859176740083E10","8.190831876443524E10"
"5","145","0.3511863889524681","2.183031967650874","8.070627298606107E10","5","8.070627298606107E10","8.34021403750753E10"
"5","150","0.3511863889524681","4.816891737239644","8.268555229217204E10","5","8.070627298606107E10","8.34021403750753E10"
"5","155","0.3511863889524681","2.182574196993973","8.596540488038675E10","5","8.070627298606107E10","8.34021403750753E10"
"5","160","0.3511863889524681","2.316853589684901","8.127870682320642E10","5","8.070627298606107E10","8.34021403750753E10"
"5","165","0.6488136110475319","2.183031967650874","9.140103867953777E10","5","8.070627298606107E10","8.34021403750753E10"
"5","170","0.14891279468986038","2.183031967650874","5.929041840867875E10","5","5.929041840867875E10","5.4054284696217026E10"
"5","175","0.17973601892118715","2.183031967650874","6.434655462944081E10","5","5.929041840867875E10","5.4054284696217026E10"
"5","180","0.14891279468986038","2.1801327534905015","5.552759937555023E10","5","5.552759937555023E10","5.868781545163249E10"
"5","185","0.14891279468986038","2.1802853437094685","5.369843269304588E10","5","5.369843269304588E10","5.4277231578800095E10"
"5","190","0.15208667124437322","2.2388799877927825","5.73751516014067E10","5","5.369843269304588E10","5.4277231578800095E10"
"5","195","0.14891279468986038","9.797589074540323","5.310297719220949E10","5","5.310297719220949E10","5.534244769841721E10"
"5","200","0.1488670176241703","9.797589074540323","5.648972090154744E10","5","5.310297719220949E10","5.534244769841721E10"
"5","205","0.14891279468986038","9.819714656290532","5.125992000885228E10","5","5.125992000885228E10","5.508170483053037E10"
"5","210","0.16357671473258564","9.819714656290532","5.8596269767772156E10","5","5.125992000885228E10","5.508170483053037E10"
"5","215","0.1488670176241703","9.819714656290532","5.269019859232363E10","5","5.125992000885228E10","5.508170483053037E10"
"5","220","0.1488517586022736","10.30540932326238","5.597182885125824E10","5","5.125992000885228E10","5.508170483053037E10"
"5","225","0.14891279468986038","2.182879377431907","5.318855290279899E10","5","5.125992000885228E10","5.508170483053037E10"
"5","230","0.13243305104142825","9.819562066071565","4.782420073104162E10","5","4.782420073104162E10","4.716648913314613E10"
"5","235","0.13243305104142825","10.298084992751965","4.931444622225093E10","5","4.782420073104162E10","4.716648913314613E10"
"5","240","0.13241779201953155","9.758678568703747","4.78595889024388E10","5","4.782420073104162E10","4.716648913314613E10"
"5","245","0.13232623788815137","9.819714656290532","4.604426179532102E10","5","4.604426179532102E10","4.578929941491224E10"
"5","250","0.13232623788815137","8.56969558251316","4.769633936227085E10","5","4.604426179532102E10","4.578929941491224E10"
"5","255","0.8676737621118487","9.819714656290532","9.59006010848779E10","5","4.604426179532102E10","4.578929941491224E10"
"5","260","0.13237201495384146","9.819714656290532","4.7822790882929146E10","5","4.604426179532102E10","4.578929941491224E10"
"5","265","0.1313344014648661","9.819714656290532","4.807999066362327E10","5","4.604426179532102E10","4.578929941491224E10"
"5","270","0.13328755626764324","10.002670328831922","4.731547123925851E10","5","4.604426179532102E10","4.578929941491224E10"
"5","275","0.13232623788815137","9.826428625925079","4.58693419283869E10","5","4.58693419283869E10","4.562905662976979E10"
"5","280","0.13328755626764324","9.826428625925079","4.882578139021754E10","5","4.58693419283869E10","4.562905662976979E10"
"5","285","0.13232623788815137","4.826352330815595","4.851246747921495E10","5","4.58693419283869E10","4.562905662976979E10"
"5","290","0.13037308308537424","9.826428625925079","4.699909496065066E10","5","4.58693419283869E10","4.562905662976979E10"
"5","295","0.13255512321660182","9.792248416876479","4.7271998933436874E10","5","4.58693419283869E10","4.562905662976979E10"
"5","300","0.13237201495384146","10.298695353627833","4.880447995761293E10","5","4.58693419283869E10","4.562905662976979E10"
