"search-number","evaluation","evals-requested-so-far","exploration-probability*","exploration-radius*","random-seed","min-result","max-result","mean-result","stdev-result","final-step-result"
"1","1","4","0.6052643625543602","10.920805676356146","""-1614581468""","303411.9078679779","303411.9078679779","303411.9078679779","0","303411.9078679779"
"1","2","4","0.6052643625543602","10.920805676356146","""386851960""","304400.91627453506","304400.91627453506","304400.91627453506","0","304400.91627453506"
"1","3","4","0.6052643625543602","10.920805676356146","""-422235845""","303412.17946628504","303412.17946628504","303412.17946628504","0","303412.17946628504"
"1","4","4","0.6052643625543602","10.920805676356146","""-525596974""","304736.4679537803","304736.4679537803","304736.4679537803","0","304736.4679537803"
"1","5","8","0.8947432669565881","10.920805676356146","""216405586""","308989.6652677692","308989.6652677692","308989.6652677692","0","308989.6652677692"
"1","6","8","0.8947432669565881","10.920805676356146","""-1465703088""","306917.20934827894","306917.20934827894","306917.20934827894","0","306917.20934827894"
"1","7","8","0.8947432669565881","10.920805676356146","""-397469973""","309731.9722883702","309731.9722883702","309731.9722883702","0","309731.9722883702"
"1","8","8","0.8947432669565881","10.920805676356146","""-229865196""","308678.51707434887","308678.51707434887","308678.51707434887","0","308678.51707434887"
"1","9","12","0.6037232013427939","10.920805676356146","""-1611734883""","303922.5827720151","303922.5827720151","303922.5827720151","0","303922.5827720151"
"1","10","12","0.6037232013427939","10.920805676356146","""-279804338""","304129.78408844204","304129.78408844204","304129.78408844204","0","304129.78408844204"
"1","11","12","0.6037232013427939","10.920805676356146","""199232318""","301670.0334222611","301670.0334222611","301670.0334222611","0","301670.0334222611"
"1","12","12","0.6037232013427939","10.920805676356146","""2024865228""","304379.72685984493","304379.72685984493","304379.72685984493","0","304379.72685984493"
"1","13","16","0.6037232013427939","10.92309452964065","""-12725607""","304812.47828067676","304812.47828067676","304812.47828067676","0","304812.47828067676"
"1","14","16","0.6037232013427939","10.92309452964065","""1585535812""","302335.72835509595","302335.72835509595","302335.72835509595","0","302335.72835509595"
"1","15","16","0.6037232013427939","10.92309452964065","""-1589766837""","305683.6818671275","305683.6818671275","305683.6818671275","0","305683.6818671275"
"1","16","16","0.6037232013427939","10.92309452964065","""-2085015954""","303690.2819592464","303690.2819592464","303690.2819592464","0","303690.2819592464"
"1","17","20","0.6037232013427939","8.733272297245747","""-1455898973""","303849.5461506553","303849.5461506553","303849.5461506553","0","303849.5461506553"
"1","18","20","0.6037232013427939","8.733272297245747","""335557664""","300434.5711252828","300434.5711252828","300434.5711252828","0","300434.5711252828"
"1","19","20","0.6037232013427939","8.733272297245747","""1427868802""","303790.2539950671","303790.2539950671","303790.2539950671","0","303790.2539950671"
"1","20","20","0.6037232013427939","8.733272297245747","""-818773528""","301228.23577356926","301228.23577356926","301228.23577356926","0","301228.23577356926"
"1","21","24","0.3947356374456397","8.71602960250248","""893816594""","289509.8311420754","289509.8311420754","289509.8311420754","0","289509.8311420754"
"1","22","24","0.3947356374456397","8.71602960250248","""-75787183""","292188.06860062183","292188.06860062183","292188.06860062183","0","292188.06860062183"
"1","23","24","0.3947356374456397","8.71602960250248","""-1875024698""","293080.09673719393","293080.09673719393","293080.09673719393","0","293080.09673719393"
"1","24","24","0.3947356374456397","8.71602960250248","""1464485376""","293779.68030591065","293779.68030591065","293779.68030591065","0","293779.68030591065"
"1","25","28","0.39468986037994963","8.71602960250248","""398175440""","292897.72137191263","292897.72137191263","292897.72137191263","0","292897.72137191263"
"1","26","28","0.39468986037994963","8.71602960250248","""-1264916741""","292184.3575807002","292184.3575807002","292184.3575807002","0","292184.3575807002"
"1","27","28","0.39468986037994963","8.71602960250248","""-1133596990""","292481.8521853899","292481.8521853899","292481.8521853899","0","292481.8521853899"
"1","28","28","0.39468986037994963","8.71602960250248","""-444283825""","294520.5840923836","294520.5840923836","294520.5840923836","0","294520.5840923836"
"1","29","32","0.3947356374456397","8.715877012283514","""-123054777""","291208.00392611726","291208.00392611726","291208.00392611726","0","291208.00392611726"
"1","30","32","0.3947356374456397","8.715877012283514","""-2050662824""","291939.30163272633","291939.30163272633","291939.30163272633","0","291939.30163272633"
"1","31","32","0.3947356374456397","8.715877012283514","""221321120""","295435.3322716102","295435.3322716102","295435.3322716102","0","295435.3322716102"
"1","32","32","0.3947356374456397","8.715877012283514","""-2117905818""","292253.7065001892","292253.7065001892","292253.7065001892","0","292253.7065001892"
"1","33","36","0.3865110246433204","8.71602960250248","""-496640783""","287585.50391653","287585.50391653","287585.50391653","0","287585.50391653"
"1","34","36","0.3865110246433204","8.71602960250248","""361278405""","292319.8370817347","292319.8370817347","292319.8370817347","0","292319.8370817347"
"1","35","36","0.3865110246433204","8.71602960250248","""-1517367348""","294471.6633726409","294471.6633726409","294471.6633726409","0","294471.6633726409"
"1","36","36","0.3865110246433204","8.71602960250248","""-305388364""","289160.4488082154","289160.4488082154","289160.4488082154","0","289160.4488082154"
"1","37","40","0.3791103990234226","8.71557183184558","""1815004258""","287950.81112883956","287950.81112883956","287950.81112883956","0","287950.81112883956"
"1","38","40","0.3791103990234226","8.71557183184558","""1783186994""","294173.9467264225","294173.9467264225","294173.9467264225","0","294173.9467264225"
"1","39","40","0.3791103990234226","8.71557183184558","""-1102566809""","292736.4319001621","292736.4319001621","292736.4319001621","0","292736.4319001621"
"1","40","40","0.3791103990234226","8.71557183184558","""-1666198069""","289563.1811943643","289563.1811943643","289563.1811943643","0","289563.1811943643"
"1","41","44","0.3947356374456397","8.71557183184558","""1144607079""","292685.1790759265","292685.1790759265","292685.1790759265","0","292685.1790759265"
"1","42","44","0.3947356374456397","8.71557183184558","""-39060755""","290201.37026398873","290201.37026398873","290201.37026398873","0","290201.37026398873"
"1","43","44","0.3947356374456397","8.71557183184558","""705206507""","291006.18772208417","291006.18772208417","291006.18772208417","0","291006.18772208417"
"1","44","44","0.3947356374456397","8.71557183184558","""-1096038885""","292635.12451499683","292635.12451499683","292635.12451499683","0","292635.12451499683"
"1","45","48","0.48848706797894254","8.71602960250248","""797125614""","297373.14534775534","297373.14534775534","297373.14534775534","0","297373.14534775534"
"1","46","48","0.48848706797894254","8.71602960250248","""-479576454""","300516.71025467245","300516.71025467245","300516.71025467245","0","300516.71025467245"
"1","47","48","0.48848706797894254","8.71602960250248","""-771012945""","296845.82150531583","296845.82150531583","296845.82150531583","0","296845.82150531583"
"1","48","48","0.48848706797894254","8.71602960250248","""-1394850746""","298462.94998788915","298462.94998788915","298462.94998788915","0","298462.94998788915"
"1","49","52","0.3865110246433204","8.90905622949569","""269253655""","288926.5266255946","288926.5266255946","288926.5266255946","0","288926.5266255946"
"1","50","52","0.3865110246433204","8.90905622949569","""688210342""","291566.1258372793","291566.1258372793","291566.1258372793","0","291566.1258372793"
"1","51","52","0.3865110246433204","8.90905622949569","""-164140666""","289450.6472360088","289450.6472360088","289450.6472360088","0","289450.6472360088"
"1","52","52","0.3865110246433204","8.90905622949569","""243276223""","290734.37796162814","290734.37796162814","290734.37796162814","0","290734.37796162814"
"1","53","56","0.3830167086289769","9.028534370946822","""309562461""","292535.5912748487","292535.5912748487","292535.5912748487","0","292535.5912748487"
"1","54","56","0.3830167086289769","9.028534370946822","""723512689""","292684.9342600306","292684.9342600306","292684.9342600306","0","292684.9342600306"
"1","55","56","0.3830167086289769","9.028534370946822","""1536025069""","292083.7272233143","292083.7272233143","292083.7272233143","0","292083.7272233143"
"1","56","56","0.3830167086289769","9.028534370946822","""1115660745""","293108.6053705727","293108.6053705727","293108.6053705727","0","293108.6053705727"
"1","57","60","0.3869230182345312","3.090943770504311","""-805698367""","292648.98010943","292648.98010943","292648.98010943","0","292648.98010943"
"1","58","60","0.3869230182345312","3.090943770504311","""836259286""","289431.05745716626","289431.05745716626","289431.05745716626","0","289431.05745716626"
"1","59","60","0.3869230182345312","3.090943770504311","""1654461289""","290670.0951086443","290670.0951086443","290670.0951086443","0","290670.0951086443"
"1","60","60","0.3869230182345312","3.090943770504311","""-1770029413""","292334.7086418077","292334.7086418077","292334.7086418077","0","292334.7086418077"
"1","61","64","0.3865110246433204","8.910124361028458","""-1156345413""","293896.2720822174","293896.2720822174","293896.2720822174","0","293896.2720822174"
"1","62","64","0.3865110246433204","8.910124361028458","""-1841026993""","289046.9787071422","289046.9787071422","289046.9787071422","0","289046.9787071422"
"1","63","64","0.3865110246433204","8.910124361028458","""1713580748""","289048.2296361921","289048.2296361921","289048.2296361921","0","289048.2296361921"
"1","64","64","0.3865110246433204","8.910124361028458","""-1507214382""","291887.5963747225","291887.5963747225","291887.5963747225","0","291887.5963747225"
"1","65","68","0.3947356374456397","9.028076600289921","""54922952""","293570.305635191","293570.305635191","293570.305635191","0","293570.305635191"
"1","66","68","0.3947356374456397","9.028076600289921","""1080319453""","294230.15125369286","294230.15125369286","294230.15125369286","0","294230.15125369286"
"1","67","68","0.3947356374456397","9.028076600289921","""1422948869""","292314.7158540521","292314.7158540521","292314.7158540521","0","292314.7158540521"
"1","68","68","0.3947356374456397","9.028076600289921","""-1064311036""","289314.2955986522","289314.2955986522","289314.2955986522","0","289314.2955986522"
"1","69","72","0.3865110246433204","8.950408178835737","""-347980206""","289736.3254761899","289736.3254761899","289736.3254761899","0","289736.3254761899"
"1","70","72","0.3865110246433204","8.950408178835737","""-366815499""","291026.5240074079","291026.5240074079","291026.5240074079","0","291026.5240074079"
"1","71","72","0.3865110246433204","8.950408178835737","""-1005842688""","292212.5824647981","292212.5824647981","292212.5824647981","0","292212.5824647981"
"1","72","72","0.3865110246433204","8.950408178835737","""615056076""","293556.28984394117","293556.28984394117","293556.28984394117","0","293556.28984394117"
"1","73","76","0.38496986343175404","8.90905622949569","""-986051517""","291905.90481171943","291905.90481171943","291905.90481171943","0","291905.90481171943"
"1","74","76","0.38496986343175404","8.90905622949569","""1740768463""","291081.07546801446","291081.07546801446","291081.07546801446","0","291081.07546801446"
"1","75","76","0.38496986343175404","8.90905622949569","""817561868""","291115.5467328468","291115.5467328468","291115.5467328468","0","291115.5467328468"
"1","76","76","0.38496986343175404","8.90905622949569","""-1383383807""","287328.8111526795","287328.8111526795","287328.8111526795","0","287328.8111526795"
"1","77","80","0.01142900740062562","8.90905622949569","""-738619294""","122046.45227453008","122046.45227453008","122046.45227453008","0","122046.45227453008"
"1","78","80","0.01142900740062562","8.90905622949569","""-625925632""","65599.71681282867","65599.71681282867","65599.71681282867","0","65599.71681282867"
"1","79","80","0.01142900740062562","8.90905622949569","""-1817279091""","189027.41264318768","189027.41264318768","189027.41264318768","0","189027.41264318768"
"1","80","80","0.01142900740062562","8.90905622949569","""1580771253""","77546.21961423126","77546.21961423126","77546.21961423126","0","77546.21961423126"
"1","81","84","0.01142900740062562","9.348516060120547","""-1833905349""","107103.4176887687","107103.4176887687","107103.4176887687","0","107103.4176887687"
"1","82","84","0.01142900740062562","9.348516060120547","""1605216491""","106394.83156773262","106394.83156773262","106394.83156773262","0","106394.83156773262"
"1","83","84","0.01142900740062562","9.348516060120547","""-1055835590""","116791.69092866813","116791.69092866813","116791.69092866813","0","116791.69092866813"
"1","84","84","0.01142900740062562","9.348516060120547","""-540702309""","175996.8443795141","175996.8443795141","175996.8443795141","0","175996.8443795141"
"1","85","88","0.051056687266346226","8.90905622949569","""36748920""","24633.94011623424","24633.94011623424","24633.94011623424","0","24633.94011623424"
"1","86","88","0.051056687266346226","8.90905622949569","""29208568""","26107.937615834293","26107.937615834293","26107.937615834293","0","26107.937615834293"
"1","87","88","0.051056687266346226","8.90905622949569","""582506342""","75160.9510106952","75160.9510106952","75160.9510106952","0","75160.9510106952"
"1","88","88","0.051056687266346226","8.90905622949569","""1725595932""","37353.493611389305","37353.493611389305","37353.493611389305","0","37353.493611389305"
"1","89","92","0.05146868085755703","8.093614099336232","""-1039858938""","46073.01793271606","46073.01793271606","46073.01793271606","0","46073.01793271606"
"1","90","92","0.05146868085755703","8.093614099336232","""78602468""","41241.857871713815","41241.857871713815","41241.857871713815","0","41241.857871713815"
"1","91","92","0.05146868085755703","8.093614099336232","""2125210627""","35822.73195459915","35822.73195459915","35822.73195459915","0","35822.73195459915"
"1","92","92","0.05146868085755703","8.093614099336232","""-764456125""","46432.459307087236","46432.459307087236","46432.459307087236","0","46432.459307087236"
"1","93","96","0.07392996108949416","8.90905622949569","""1215421204""","110772.99581315438","110772.99581315438","110772.99581315438","0","110772.99581315438"
"1","94","96","0.07392996108949416","8.90905622949569","""-273861630""","115474.69015145255","115474.69015145255","115474.69015145255","0","115474.69015145255"
"1","95","96","0.07392996108949416","8.90905622949569","""-1490825915""","127454.884420507","127454.884420507","127454.884420507","0","127454.884420507"
"1","96","96","0.07392996108949416","8.90905622949569","""-701474349""","100857.687234157","100857.687234157","100857.687234157","0","100857.687234157"
"1","97","100","0.051056687266346226","8.891813534752423","""1393906685""","56976.87371958757","56976.87371958757","56976.87371958757","0","56976.87371958757"
"1","98","100","0.051056687266346226","8.891813534752423","""1460964690""","54557.74749668548","54557.74749668548","54557.74749668548","0","54557.74749668548"
"1","99","100","0.051056687266346226","8.891813534752423","""1642883673""","44001.750101226964","44001.750101226964","44001.750101226964","0","44001.750101226964"
"1","100","100","0.051056687266346226","8.891813534752423","""-899127007""","25104.54233052174","25104.54233052174","25104.54233052174","0","25104.54233052174"
"1","101","104","0.054398413061722745","8.09224078736553","""1052684359""","64210.19032468693","64210.19032468693","64210.19032468693","0","64210.19032468693"
"1","102","104","0.054398413061722745","8.09224078736553","""1450585903""","39801.345671007526","39801.345671007526","39801.345671007526","0","39801.345671007526"
"1","103","104","0.054398413061722745","8.09224078736553","""-1385697683""","53854.761290074326","53854.761290074326","53854.761290074326","0","53854.761290074326"
"1","104","104","0.054398413061722745","8.09224078736553","""-495071617""","64134.91782263771","64134.91782263771","64134.91782263771","0","64134.91782263771"
"1","105","108","0.19891660944533454","8.90951400015259","""-1795879243""","261869.41128968348","261869.41128968348","261869.41128968348","0","261869.41128968348"
"1","106","108","0.19891660944533454","8.90951400015259","""274408486""","251016.019535854","251016.019535854","251016.019535854","0","251016.019535854"
"1","107","108","0.19891660944533454","8.90951400015259","""697919666""","259052.52555092378","259052.52555092378","259052.52555092378","0","259052.52555092378"
"1","108","108","0.19891660944533454","8.90951400015259","""-2111910523""","255601.93800292857","255601.93800292857","255601.93800292857","0","255601.93800292857"
"1","109","112","0.9490196078431372","8.90905622949569","""-451290258""","311531.37642406917","311531.37642406917","311531.37642406917","0","311531.37642406917"
"1","110","112","0.9490196078431372","8.90905622949569","""530178001""","309818.93240983627","309818.93240983627","309818.93240983627","0","309818.93240983627"
"1","111","112","0.9490196078431372","8.90905622949569","""598455191""","308293.7011307662","308293.7011307662","308293.7011307662","0","308293.7011307662"
"1","112","112","0.9490196078431372","8.90905622949569","""-1021576990""","308075.2778036623","308075.2778036623","308075.2778036623","0","308075.2778036623"
"1","113","116","0.44893568322270544","8.879453727016099","""1628625764""","295353.41306816123","295353.41306816123","295353.41306816123","0","295353.41306816123"
"1","114","116","0.44893568322270544","8.879453727016099","""735641716""","297854.98977018474","297854.98977018474","297854.98977018474","0","297854.98977018474"
"1","115","116","0.44893568322270544","8.879453727016099","""937708947""","295334.33397340967","295334.33397340967","295334.33397340967","0","295334.33397340967"
"1","116","116","0.44893568322270544","8.879453727016099","""1754876903""","297077.482420134","297077.482420134","297077.482420134","0","297077.482420134"
"1","117","120","0.0524452582589456","8.909208819714657","""-2036177495""","83510.07260029775","83510.07260029775","83510.07260029775","0","83510.07260029775"
"1","118","120","0.0524452582589456","8.909208819714657","""1563744604""","16006.689420557464","16006.689420557464","16006.689420557464","0","16006.689420557464"
"1","119","120","0.0524452582589456","8.909208819714657","""713832953""","64871.20732850116","64871.20732850116","64871.20732850116","0","64871.20732850116"
"1","120","120","0.0524452582589456","8.909208819714657","""-1585243059""","71886.48992394074","71886.48992394074","71886.48992394074","0","71886.48992394074"
"1","121","124","0.19893186846723124","8.891813534752423","""-362690968""","255062.23768935743","255062.23768935743","255062.23768935743","0","255062.23768935743"
"1","122","124","0.19893186846723124","8.891813534752423","""-1075885386""","249109.8988063048","249109.8988063048","249109.8988063048","0","249109.8988063048"
"1","123","124","0.19893186846723124","8.891813534752423","""-393535093""","246932.89366102102","246932.89366102102","246932.89366102102","0","246932.89366102102"
"1","124","124","0.19893186846723124","8.891813534752423","""-1762734249""","256586.9916702346","256586.9916702346","256586.9916702346","0","256586.9916702346"
"1","125","128","0.01142900740062562","8.90905622949569","""-1293096671""","125417.62383566785","125417.62383566785","125417.62383566785","0","125417.62383566785"
"1","126","128","0.01142900740062562","8.90905622949569","""1134833327""","71354.16602754744","71354.16602754744","71354.16602754744","0","71354.16602754744"
"1","127","128","0.01142900740062562","8.90905622949569","""1652759939""","102986.35550893669","102986.35550893669","102986.35550893669","0","102986.35550893669"
"1","128","128","0.01142900740062562","8.90905622949569","""77010945""","101411.58822853898","101411.58822853898","101411.58822853898","0","101411.58822853898"
"1","129","132","0.926115815976196","8.90905622949569","""-1187966733""","307729.82730318065","307729.82730318065","307729.82730318065","0","307729.82730318065"
"1","130","132","0.926115815976196","8.90905622949569","""-957404438""","311271.1735253217","311271.1735253217","311271.1735253217","0","311271.1735253217"
"1","131","132","0.926115815976196","8.90905622949569","""730274751""","310194.20607428567","310194.20607428567","310194.20607428567","0","310194.20607428567"
"1","132","132","0.926115815976196","8.90905622949569","""2096150064""","309460.26785295724","309460.26785295724","309460.26785295724","0","309460.26785295724"
"1","133","136","0.04267948424505989","9.036011291676203","""1706196004""","20477.138591839233","20477.138591839233","20477.138591839233","0","20477.138591839233"
"1","134","136","0.04267948424505989","9.036011291676203","""987405122""","37747.93812033255","37747.93812033255","37747.93812033255","0","37747.93812033255"
"1","135","136","0.04267948424505989","9.036011291676203","""-951001949""","12936.411268113414","12936.411268113414","12936.411268113414","0","12936.411268113414"
"1","136","136","0.04267948424505989","9.036011291676203","""-899256109""","3744.5671304784482","3744.5671304784482","3744.5671304784482","0","3744.5671304784482"
"1","137","140","0.2073090714885176","9.05783169298848","""-98804778""","257940.3728170637","257940.3728170637","257940.3728170637","0","257940.3728170637"
"1","138","140","0.2073090714885176","9.05783169298848","""-881915845""","255547.8851522862","255547.8851522862","255547.8851522862","0","255547.8851522862"
"1","139","140","0.2073090714885176","9.05783169298848","""-1069938767""","260171.46251663467","260171.46251663467","260171.46251663467","0","260171.46251663467"
"1","140","140","0.2073090714885176","9.05783169298848","""-1982309244""","252312.4473356568","252312.4473356568","252312.4473356568","0","252312.4473356568"
"1","141","144","0.04267948424505989","8.99694819562066","""-2046807321""","8467.764161244617","8467.764161244617","8467.764161244617","0","8467.764161244617"
"1","142","144","0.04267948424505989","8.99694819562066","""-601057168""","1688.6829765696311","1688.6829765696311","1688.6829765696311","0","1688.6829765696311"
"1","143","144","0.04267948424505989","8.99694819562066","""171502166""","35347.92745977477","35347.92745977477","35347.92745977477","0","35347.92745977477"
"1","144","144","0.04267948424505989","8.99694819562066","""259168523""","44987.30094199255","44987.30094199255","44987.30094199255","0","44987.30094199255"
"1","145","148","0.914351110093843","2.9639887083237966","""-1453803691""","310764.2805167987","310764.2805167987","310764.2805167987","0","310764.2805167987"
"1","146","148","0.914351110093843","2.9639887083237966","""1489949414""","313283.4560636038","313283.4560636038","313283.4560636038","0","313283.4560636038"
"1","147","148","0.914351110093843","2.9639887083237966","""22277738""","305531.3431341661","305531.3431341661","305531.3431341661","0","305531.3431341661"
"1","148","148","0.914351110093843","2.9639887083237966","""-1563762650""","312627.67664763686","312627.67664763686","312627.67664763686","0","312627.67664763686"
"1","149","152","0.21455710688944837","9.03616388189517","""656904610""","261509.44788836385","261509.44788836385","261509.44788836385","0","261509.44788836385"
"1","150","152","0.21455710688944837","9.03616388189517","""-373425187""","260465.63636667043","260465.63636667043","260465.63636667043","0","260465.63636667043"
"1","151","152","0.21455710688944837","9.03616388189517","""-1994998286""","253697.93058551237","253697.93058551237","253697.93058551237","0","253697.93058551237"
"1","152","152","0.21455710688944837","9.03616388189517","""950017267""","262016.2710774701","262016.2710774701","262016.2710774701","0","262016.2710774701"
"2","1","4","0.011978332188906692","9.411230640115969","""91616955""","78796.58677471965","78796.58677471965","78796.58677471965","0","78796.58677471965"
"2","2","4","0.011978332188906692","9.411230640115969","""1363332399""","79088.57318835752","79088.57318835752","79088.57318835752","0","79088.57318835752"
"2","3","4","0.011978332188906692","9.411230640115969","""-794795437""","119700.69337737397","119700.69337737397","119700.69337737397","0","119700.69337737397"
"2","4","4","0.011978332188906692","9.411230640115969","""1706169072""","116553.78348363494","116553.78348363494","116553.78348363494","0","116553.78348363494"
"2","5","8","0.019256885633630885","9.385748073548486","""1952414124""","10161.866464467486","10161.866464467486","10161.866464467486","0","10161.866464467486"
"2","6","8","0.019256885633630885","9.385748073548486","""1771584635""","44463.27879276732","44463.27879276732","44463.27879276732","0","44463.27879276732"
"2","7","8","0.019256885633630885","9.385748073548486","""1772427023""","23002.32196825149","23002.32196825149","23002.32196825149","0","23002.32196825149"
"2","8","8","0.019256885633630885","9.385748073548486","""84079313""","14342.510242851102","14342.510242851102","14342.510242851102","0","14342.510242851102"
"2","9","12","0.017837796597238116","9.327153429465172","""1522794889""","34875.20444125077","34875.20444125077","34875.20444125077","0","34875.20444125077"
"2","10","12","0.017837796597238116","9.327153429465172","""1117537960""","23822.4446162869","23822.4446162869","23822.4446162869","0","23822.4446162869"
"2","11","12","0.017837796597238116","9.327153429465172","""-1343667108""","13602.778541095206","13602.778541095206","13602.778541095206","0","13602.778541095206"
"2","12","12","0.017837796597238116","9.327153429465172","""1813116413""","4957.945906596025","4957.945906596025","4957.945906596025","0","4957.945906596025"
"2","13","16","0.017837796597238116","2.6668955519951174","""1861094981""","224752.24365940422","224752.24365940422","224752.24365940422","0","224752.24365940422"
"2","14","16","0.017837796597238116","2.6668955519951174","""675314203""","124610.10766026308","124610.10766026308","124610.10766026308","0","124610.10766026308"
"2","15","16","0.017837796597238116","2.6668955519951174","""700099251""","122558.61140416388","122558.61140416388","122558.61140416388","0","122558.61140416388"
"2","16","16","0.017837796597238116","2.6668955519951174","""165333776""","122614.28331114864","122614.28331114864","122614.28331114864","0","122614.28331114864"
"2","17","20","0.017837796597238116","9.327306019684139","""433858142""","24341.51252934721","24341.51252934721","24341.51252934721","0","24341.51252934721"
"2","18","20","0.017837796597238116","9.327306019684139","""1018974142""","35853.8286604709","35853.8286604709","35853.8286604709","0","35853.8286604709"
"2","19","20","0.017837796597238116","9.327306019684139","""-517019637""","36088.37229179451","36088.37229179451","36088.37229179451","0","36088.37229179451"
"2","20","20","0.017837796597238116","9.327306019684139","""-551308801""","14619.778349723318","14619.778349723318","14619.778349723318","0","14619.778349723318"
"2","21","24","0.019256885633630885","9.327153429465172","""1674185230""","5512.693497792818","5512.693497792818","5512.693497792818","0","5512.693497792818"
"2","22","24","0.019256885633630885","9.327153429465172","""-779644745""","8095.650232598768","8095.650232598768","8095.650232598768","0","8095.650232598768"
"2","23","24","0.019256885633630885","9.327153429465172","""1759262154""","17646.194587468985","17646.194587468985","17646.194587468985","0","17646.194587468985"
"2","24","24","0.019256885633630885","9.327153429465172","""-1296418588""","64839.61325261439","64839.61325261439","64839.61325261439","0","64839.61325261439"
"2","25","28","0.017837796597238116","9.3076218814374","""-981412009""","30561.487109850394","30561.487109850394","30561.487109850394","0","30561.487109850394"
"2","26","28","0.017837796597238116","9.3076218814374","""-770986782""","17345.442488064058","17345.442488064058","17345.442488064058","0","17345.442488064058"
"2","27","28","0.017837796597238116","9.3076218814374","""-481928062""","42622.825484431116","42622.825484431116","42622.825484431116","0","42622.825484431116"
"2","28","28","0.017837796597238116","9.3076218814374","""221573186""","75578.0873458694","75578.0873458694","75578.0873458694","0","75578.0873458694"
"2","29","32","0.48215457389181354","9.327153429465172","""-1784538771""","300188.8546358131","300188.8546358131","300188.8546358131","0","300188.8546358131"
"2","30","32","0.48215457389181354","9.327153429465172","""-2138431""","298366.16690791404","298366.16690791404","298366.16690791404","0","298366.16690791404"
"2","31","32","0.48215457389181354","9.327153429465172","""-417435710""","297506.85477360757","297506.85477360757","297506.85477360757","0","297506.85477360757"
"2","32","32","0.48215457389181354","9.327153429465172","""281043137""","298345.8063197393","298345.8063197393","298345.8063197393","0","298345.8063197393"
"2","33","36","0.017837796597238116","9.327000839246205","""1003601031""","51146.70825017197","51146.70825017197","51146.70825017197","0","51146.70825017197"
"2","34","36","0.017837796597238116","9.327000839246205","""-1561208189""","25613.819522916572","25613.819522916572","25613.819522916572","0","25613.819522916572"
"2","35","36","0.017837796597238116","9.327000839246205","""-2056229685""","31438.174704888603","31438.174704888603","31438.174704888603","0","31438.174704888603"
"2","36","36","0.017837796597238116","9.327000839246205","""-1330329211""","54959.057523207855","54959.057523207855","54959.057523207855","0","54959.057523207855"
"2","37","40","0.4553444724193179","9.327153429465172","""-1262380970""","298242.9404457087","298242.9404457087","298242.9404457087","0","298242.9404457087"
"2","38","40","0.4553444724193179","9.327153429465172","""-1290173837""","298525.7101926135","298525.7101926135","298525.7101926135","0","298525.7101926135"
"2","39","40","0.4553444724193179","9.327153429465172","""1178256034""","297905.65490130393","297905.65490130393","297905.65490130393","0","297905.65490130393"
"2","40","40","0.4553444724193179","9.327153429465172","""1683393127""","296740.8520788793","296740.8520788793","296740.8520788793","0","296740.8520788793"
"2","41","44","0.10714885175860227","10.172961013199053","""-1105026601""","181320.51008590613","181320.51008590613","181320.51008590613","0","181320.51008590613"
"2","42","44","0.10714885175860227","10.172961013199053","""-1010397056""","175009.19334596663","175009.19334596663","175009.19334596663","0","175009.19334596663"
"2","43","44","0.10714885175860227","10.172961013199053","""-1099706455""","186328.58356640965","186328.58356640965","186328.58356640965","0","186328.58356640965"
"2","44","44","0.10714885175860227","10.172961013199053","""699520065""","194765.0751566994","194765.0751566994","194765.0751566994","0","194765.0751566994"
"2","45","48","0.23215075913633937","9.327153429465172","""-2022481616""","273471.69629213","273471.69629213","273471.69629213","0","273471.69629213"
"2","46","48","0.23215075913633937","9.327153429465172","""-880363428""","260572.00886981346","260572.00886981346","260572.00886981346","0","260572.00886981346"
"2","47","48","0.23215075913633937","9.327153429465172","""99246039""","267993.5464457946","267993.5464457946","267993.5464457946","0","267993.5464457946"
"2","48","48","0.23215075913633937","9.327153429465172","""921993566""","263507.88781999034","263507.88781999034","263507.88781999034","0","263507.88781999034"
"2","49","52","0.017914091706721598","9.235446707866025","""-1365703011""","20830.31487817387","20830.31487817387","20830.31487817387","0","20830.31487817387"
"2","50","52","0.017914091706721598","9.235446707866025","""-1363516611""","42.38290137622971","42.38290137622971","42.38290137622971","0","42.38290137622971"
"2","51","52","0.017914091706721598","9.235446707866025","""719311707""","13567.581623491598","13567.581623491598","13567.581623491598","0","13567.581623491598"
"2","52","52","0.017914091706721598","9.235446707866025","""1032856364""","38651.731260070694","38651.731260070694","38651.731260070694","0","38651.731260070694"
"2","53","56","0.017914091706721598","2.760280766002899","""-958869423""","98977.28616565431","98977.28616565431","98977.28616565431","0","98977.28616565431"
"2","54","56","0.017914091706721598","2.760280766002899","""-1294720286""","175546.30632225133","175546.30632225133","175546.30632225133","0","175546.30632225133"
"2","55","56","0.017914091706721598","2.760280766002899","""-1960318280""","129474.15257219912","129474.15257219912","129474.15257219912","0","129474.15257219912"
"2","56","56","0.017914091706721598","2.760280766002899","""1093867732""","108528.7724621587","108528.7724621587","108528.7724621587","0","108528.7724621587"
"2","57","60","0.20541695277332722","9.235446707866025","""-672570492""","264868.7218247673","264868.7218247673","264868.7218247673","0","264868.7218247673"
"2","58","60","0.20541695277332722","9.235446707866025","""1170467532""","254821.41933924973","254821.41933924973","254821.41933924973","0","254821.41933924973"
"2","59","60","0.20541695277332722","9.235446707866025","""-1621366128""","263561.8551696054","263561.8551696054","263561.8551696054","0","263561.8551696054"
"2","60","60","0.20541695277332722","9.235446707866025","""-1412778326""","255167.50742578018","255167.50742578018","255167.50742578018","0","255167.50742578018"
"2","61","64","0.7679713130388343","10.2646677347982","""588189810""","305861.68399172765","305861.68399172765","305861.68399172765","0","305861.68399172765"
"2","62","64","0.7679713130388343","10.2646677347982","""-1997810941""","308815.53924980893","308815.53924980893","308815.53924980893","0","308815.53924980893"
"2","63","64","0.7679713130388343","10.2646677347982","""429410845""","306193.460634867","306193.460634867","306193.460634867","0","306193.460634867"
"2","64","64","0.7679713130388343","10.2646677347982","""590298740""","308425.28748923854","308425.28748923854","308425.28748923854","0","308425.28748923854"
"2","65","68","0.017914091706721598","10.2646677347982","""-2135379436""","10388.444332033396","10388.444332033396","10388.444332033396","0","10388.444332033396"
"2","66","68","0.017914091706721598","10.2646677347982","""2087823870""","34395.20060063421","34395.20060063421","34395.20060063421","0","34395.20060063421"
"2","67","68","0.017914091706721598","10.2646677347982","""408912690""","24498.15876642149","24498.15876642149","24498.15876642149","0","24498.15876642149"
"2","68","68","0.017914091706721598","10.2646677347982","""249566388""","923.1313710879767","923.1313710879767","923.1313710879767","0","923.1313710879767"
"2","69","72","0.013321126115815976","1.7351796749828337","""-1598306944""","336008.6569646776","336008.6569646776","336008.6569646776","0","336008.6569646776"
"2","70","72","0.013321126115815976","1.7351796749828337","""945925147""","378212.0851512062","378212.0851512062","378212.0851512062","0","378212.0851512062"
"2","71","72","0.013321126115815976","1.7351796749828337","""1767687243""","240830.022192689","240830.022192689","240830.022192689","0","240830.022192689"
"2","72","72","0.013321126115815976","1.7351796749828337","""380960712""","280173.73068262043","280173.73068262043","280173.73068262043","0","280173.73068262043"
"2","73","76","0.01794460975051499","10.289997711146716","""-272222091""","6080.87841704255","6080.87841704255","6080.87841704255","0","6080.87841704255"
"2","74","76","0.01794460975051499","10.289997711146716","""1107668448""","3252.190672255354","3252.190672255354","3252.190672255354","0","3252.190672255354"
"2","75","76","0.01794460975051499","10.289997711146716","""-1148703192""","21399.630261902348","21399.630261902348","21399.630261902348","0","21399.630261902348"
"2","76","76","0.01794460975051499","10.289997711146716","""-1249522775""","67446.31599786121","67446.31599786121","67446.31599786121","0","67446.31599786121"
"2","77","80","0.017914091706721598","9.794537270160983","""-1029888487""","48993.214524705545","48993.214524705545","48993.214524705545","0","48993.214524705545"
"2","78","80","0.017914091706721598","9.794537270160983","""465847612""","5050.6502330394","5050.6502330394","5050.6502330394","0","5050.6502330394"
"2","79","80","0.017914091706721598","9.794537270160983","""-1064926971""","23103.580609512283","23103.580609512283","23103.580609512283","0","23103.580609512283"
"2","80","80","0.017914091706721598","9.794537270160983","""-2001578301""","99604.17183330504","99604.17183330504","99604.17183330504","0","99604.17183330504"
"2","81","84","0.2320592050049592","6.734950789654383","""1515605564""","264900.140478271","264900.140478271","264900.140478271","0","264900.140478271"
"2","82","84","0.2320592050049592","6.734950789654383","""-1843261836""","264995.6258305229","264995.6258305229","264995.6258305229","0","264995.6258305229"
"2","83","84","0.2320592050049592","6.734950789654383","""12133710""","259214.13901174406","259214.13901174406","259214.13901174406","0","259214.13901174406"
"2","84","84","0.2320592050049592","6.734950789654383","""-2036199593""","258951.39379303402","258951.39379303402","258951.39379303402","0","258951.39379303402"
"2","85","88","0.017914091706721598","10.270160982681011","""1665474879""","19243.16156532569","19243.16156532569","19243.16156532569","0","19243.16156532569"
"2","86","88","0.017914091706721598","10.270160982681011","""842225882""","18990.645703245536","18990.645703245536","18990.645703245536","0","18990.645703245536"
"2","87","88","0.017914091706721598","10.270160982681011","""-1565810971""","5668.181205261848","5668.181205261848","5668.181205261848","0","5668.181205261848"
"2","88","88","0.017914091706721598","10.270160982681011","""-296673874""","10604.92731022404","10604.92731022404","10604.92731022404","0","10604.92731022404"
"2","89","92","0.01821927214465553","10.167467765316243","""37021406""","49041.22975910129","49041.22975910129","49041.22975910129","0","49041.22975910129"
"2","90","92","0.01821927214465553","10.167467765316243","""-1278197264""","26697.55544806423","26697.55544806423","26697.55544806423","0","26697.55544806423"
"2","91","92","0.01821927214465553","10.167467765316243","""625380638""","57960.99211101304","57960.99211101304","57960.99211101304","0","57960.99211101304"
"2","92","92","0.01821927214465553","10.167467765316243","""-1179836609""","22261.235076216748","22261.235076216748","22261.235076216748","0","22261.235076216748"
"2","93","96","0.4554207675288014","10.270008392462044","""2115887747""","298533.3452122159","298533.3452122159","298533.3452122159","0","298533.3452122159"
"2","94","96","0.4554207675288014","10.270008392462044","""-871098862""","297532.5166946005","297532.5166946005","297532.5166946005","0","297532.5166946005"
"2","95","96","0.4554207675288014","10.270008392462044","""745681616""","295788.24449354305","295788.24449354305","295788.24449354305","0","295788.24449354305"
"2","96","96","0.4554207675288014","10.270008392462044","""648661560""","299799.98372326075","299799.98372326075","299799.98372326075","0","299799.98372326075"
"2","97","100","0.017959868772411687","10.270160982681011","""916011985""","13233.87319984776","13233.87319984776","13233.87319984776","0","13233.87319984776"
"2","98","100","0.017959868772411687","10.270160982681011","""2036144026""","1212.6765941603808","1212.6765941603808","1212.6765941603808","0","1212.6765941603808"
"2","99","100","0.017959868772411687","10.270160982681011","""1383472855""","16363.596285873791","16363.596285873791","16363.596285873791","0","16363.596285873791"
"2","100","100","0.017959868772411687","10.270160982681011","""810161363""","23319.817906027194","23319.817906027194","23319.817906027194","0","23319.817906027194"
"2","101","104","0.017975127794308383","10.274891279468987","""860575787""","8043.495266047772","8043.495266047772","8043.495266047772","0","8043.495266047772"
"2","102","104","0.017975127794308383","10.274891279468987","""1382516766""","40226.60071970406","40226.60071970406","40226.60071970406","0","40226.60071970406"
"2","103","104","0.017975127794308383","10.274891279468987","""883999779""","22760.12196873501","22760.12196873501","22760.12196873501","0","22760.12196873501"
"2","104","104","0.017975127794308383","10.274891279468987","""-1087943046""","18552.139727586415","18552.139727586415","18552.139727586415","0","18552.139727586415"
"2","105","108","0.1070267795834287","6.729915312428473","""-145353498""","195839.36287326633","195839.36287326633","195839.36287326633","0","195839.36287326633"
"2","106","108","0.1070267795834287","6.729915312428473","""2092052120""","170273.99045971804","170273.99045971804","170273.99045971804","0","170273.99045971804"
"2","107","108","0.1070267795834287","6.729915312428473","""619407589""","182002.31254174584","182002.31254174584","182002.31254174584","0","182002.31254174584"
"2","108","108","0.1070267795834287","6.729915312428473","""-943879743""","190343.877759738","190343.877759738","190343.877759738","0","190343.877759738"
"2","109","112","0.017959868772411687","6.729915312428473","""674823495""","36495.290730211535","36495.290730211535","36495.290730211535","0","36495.290730211535"
"2","110","112","0.017959868772411687","6.729915312428473","""-823105500""","52361.449945910135","52361.449945910135","52361.449945910135","0","52361.449945910135"
"2","111","112","0.017959868772411687","6.729915312428473","""-1104699169""","34455.063185379375","34455.063185379375","34455.063185379375","0","34455.063185379375"
"2","112","112","0.017959868772411687","6.729915312428473","""805630200""","42423.16724795464","42423.16724795464","42423.16724795464","0","42423.16724795464"
"2","113","116","0.017959868772411687","10.167467765316243","""1722178569""","37040.228259904776","37040.228259904776","37040.228259904776","0","37040.228259904776"
"2","114","116","0.017959868772411687","10.167467765316243","""-1943821787""","25955.981180831906","25955.981180831906","25955.981180831906","0","25955.981180831906"
"2","115","116","0.017959868772411687","10.167467765316243","""96587277""","22713.492618886987","22713.492618886987","22713.492618886987","0","22713.492618886987"
"2","116","116","0.017959868772411687","10.167467765316243","""-1125205989""","50646.674203673145","50646.674203673145","50646.674203673145","0","50646.674203673145"
"2","117","120","0.01722743572137026","10.270160982681011","""-1235537298""","88029.36204261635","88029.36204261635","88029.36204261635","0","88029.36204261635"
"2","118","120","0.01722743572137026","10.270160982681011","""-881362730""","5776.278729183134","5776.278729183134","5776.278729183134","0","5776.278729183134"
"2","119","120","0.01722743572137026","10.270160982681011","""25891991""","31384.94620397617","31384.94620397617","31384.94620397617","0","31384.94620397617"
"2","120","120","0.01722743572137026","10.270160982681011","""-1754425059""","20539.126110540587","20539.126110540587","20539.126110540587","0","20539.126110540587"
"2","121","124","0.017975127794308383","10.270160982681011","""-1799152995""","36272.81320714159","36272.81320714159","36272.81320714159","0","36272.81320714159"
"2","122","124","0.017975127794308383","10.270160982681011","""1841669724""","16866.057339246152","16866.057339246152","16866.057339246152","0","16866.057339246152"
"2","123","124","0.017975127794308383","10.270160982681011","""-979061040""","5147.753364762757","5147.753364762757","5147.753364762757","0","5147.753364762757"
"2","124","124","0.017975127794308383","10.270160982681011","""-2063934211""","33438.15107791545","33438.15107791545","33438.15107791545","0","33438.15107791545"
"2","125","128","0.017914091706721598","10.270160982681011","""641769575""","3366.602129100822","3366.602129100822","3366.602129100822","0","3366.602129100822"
"2","126","128","0.017914091706721598","10.270160982681011","""2099883054""","29948.07312463061","29948.07312463061","29948.07312463061","0","29948.07312463061"
"2","127","128","0.017914091706721598","10.270160982681011","""479961588""","4312.881248249207","4312.881248249207","4312.881248249207","0","4312.881248249207"
"2","128","128","0.017914091706721598","10.270160982681011","""1347431615""","27605.43840723962","27605.43840723962","27605.43840723962","0","27605.43840723962"
"2","129","132","0.9820401312275883","6.734950789654383","""1568915069""","308650.6503299583","308650.6503299583","308650.6503299583","0","308650.6503299583"
"2","130","132","0.9820401312275883","6.734950789654383","""1958441209""","312055.6464284034","312055.6464284034","312055.6464284034","0","312055.6464284034"
"2","131","132","0.9820401312275883","6.734950789654383","""-1236875131""","310825.21570842416","310825.21570842416","310825.21570842416","0","310825.21570842416"
"2","132","132","0.9820401312275883","6.734950789654383","""-1179844166""","310120.2024740183","310120.2024740183","310120.2024740183","0","310120.2024740183"
"2","133","136","0.017959868772411687","1.72983901731899","""1258388020""","339947.7243734912","339947.7243734912","339947.7243734912","0","339947.7243734912"
"2","134","136","0.017959868772411687","1.72983901731899","""329928793""","268066.7308288413","268066.7308288413","268066.7308288413","0","268066.7308288413"
"2","135","136","0.017959868772411687","1.72983901731899","""56842731""","203592.35462960321","203592.35462960321","203592.35462960321","0","203592.35462960321"
"2","136","136","0.017959868772411687","1.72983901731899","""-1303926466""","149413.2312892594","149413.2312892594","149413.2312892594","0","149413.2312892594"
"2","137","140","0.017959868772411687","10.323720149538415","""331840533""","11277.903655054746","11277.903655054746","11277.903655054746","0","11277.903655054746"
"2","138","140","0.017959868772411687","10.323720149538415","""-1926130973""","8009.417546523386","8009.417546523386","8009.417546523386","0","8009.417546523386"
"2","139","140","0.017959868772411687","10.323720149538415","""-1040783358""","14450.87622755859","14450.87622755859","14450.87622755859","0","14450.87622755859"
"2","140","140","0.017959868772411687","10.323720149538415","""897122968""","35733.04118657624","35733.04118657624","35733.04118657624","0","35733.04118657624"
"2","141","144","0.10780498970016023","10.270160982681011","""1979154782""","187579.97276221903","187579.97276221903","187579.97276221903","0","187579.97276221903"
"2","142","144","0.10780498970016023","10.270160982681011","""-1854766971""","169930.3563445825","169930.3563445825","169930.3563445825","0","169930.3563445825"
"2","143","144","0.10780498970016023","10.270160982681011","""-1623479646""","168767.97396218334","168767.97396218334","168767.97396218334","0","168767.97396218334"
"2","144","144","0.10780498970016023","10.270160982681011","""469766054""","182300.78485873062","182300.78485873062","182300.78485873062","0","182300.78485873062"
"2","145","148","0.018158236057068743","10.270160982681011","""766190215""","33267.30230785115","33267.30230785115","33267.30230785115","0","33267.30230785115"
"2","146","148","0.018158236057068743","10.270160982681011","""-506995479""","11609.389916099957","11609.389916099957","11609.389916099957","0","11609.389916099957"
"2","147","148","0.018158236057068743","10.270160982681011","""-1185630551""","10959.998382986989","10959.998382986989","10959.998382986989","0","10959.998382986989"
"2","148","148","0.018158236057068743","10.270160982681011","""-1378017429""","28430.399195733364","28430.399195733364","28430.399195733364","0","28430.399195733364"
"2","149","152","0.04457160296025025","10.270313572899978","""-1005099741""","22116.286905134795","22116.286905134795","22116.286905134795","0","22116.286905134795"
"2","150","152","0.04457160296025025","10.270313572899978","""1547669213""","37236.06396154838","37236.06396154838","37236.06396154838","0","37236.06396154838"
"2","151","152","0.04457160296025025","10.270313572899978","""-1483252964""","12129.974879915826","12129.974879915826","12129.974879915826","0","12129.974879915826"
"2","152","152","0.04457160296025025","10.270313572899978","""465121908""","59278.1383649318","59278.1383649318","59278.1383649318","0","59278.1383649318"
"3","1","4","0.010055695429922943","10.60189211871519","""-99256064""","133937.52211417514","133937.52211417514","133937.52211417514","0","133937.52211417514"
"3","2","4","0.010055695429922943","10.60189211871519","""-1299452062""","133908.53975300677","133908.53975300677","133908.53975300677","0","133908.53975300677"
"3","3","4","0.010055695429922943","10.60189211871519","""760169342""","135162.27897430572","135162.27897430572","135162.27897430572","0","135162.27897430572"
"3","4","4","0.010055695429922943","10.60189211871519","""-1789511451""","164902.6253842808","164902.6253842808","164902.6253842808","0","164902.6253842808"
"3","5","8","0.009994659342336155","10.538872358281834","""-1943084931""","93867.96068514348","93867.96068514348","93867.96068514348","0","93867.96068514348"
"3","6","8","0.009994659342336155","10.538872358281834","""1081176834""","216594.11520820018","216594.11520820018","216594.11520820018","0","216594.11520820018"
"3","7","8","0.009994659342336155","10.538872358281834","""-359888816""","120744.09837278898","120744.09837278898","120744.09837278898","0","120744.09837278898"
"3","8","8","0.009994659342336155","10.538872358281834","""1544126281""","159258.04327100934","159258.04327100934","159258.04327100934","0","159258.04327100934"
"3","9","12","0.9899443045700771","3.8981460288395513","""-10054245""","313345.71396455995","313345.71396455995","313345.71396455995","0","313345.71396455995"
"3","10","12","0.9899443045700771","3.8981460288395513","""2127992102""","315679.8574976076","315679.8574976076","315679.8574976076","0","315679.8574976076"
"3","11","12","0.9899443045700771","3.8981460288395513","""201955049""","313755.24389635655","313755.24389635655","313755.24389635655","0","313755.24389635655"
"3","12","12","0.9899443045700771","3.8981460288395513","""-1503911005""","315367.6983813484","315367.6983813484","315367.6983813484","0","315367.6983813484"
"3","13","16","0.11493095292591744","10.60189211871519","""-491324359""","200370.6317079151","200370.6317079151","200370.6317079151","0","200370.6317079151"
"3","14","16","0.11493095292591744","10.60189211871519","""-1183599832""","193198.20884664252","193198.20884664252","193198.20884664252","0","193198.20884664252"
"3","15","16","0.11493095292591744","10.60189211871519","""2053105212""","194820.68828649516","194820.68828649516","194820.68828649516","0","194820.68828649516"
"3","16","16","0.11493095292591744","10.60189211871519","""-2146796032""","187577.67095570464","187577.67095570464","187577.67095570464","0","187577.67095570464"
"3","17","20","0.021179522392614634","10.60189211871519","""-77009593""","22938.23900565505","22938.23900565505","22938.23900565505","0","22938.23900565505"
"3","18","20","0.021179522392614634","10.60189211871519","""1173649191""","5048.291025940212","5048.291025940212","5048.291025940212","0","5048.291025940212"
"3","19","20","0.021179522392614634","10.60189211871519","""-1379721126""","36907.412829343346","36907.412829343346","36907.412829343346","0","36907.412829343346"
"3","20","20","0.021179522392614634","10.60189211871519","""986436396""","2154.2531268200837","2154.2531268200837","2154.2531268200837","0","2154.2531268200837"
"3","21","24","0.10521095597772183","10.460746166170749","""-644594086""","187231.5962302728","187231.5962302728","187231.5962302728","0","187231.5962302728"
"3","22","24","0.10521095597772183","10.460746166170749","""161750375""","152178.81031094713","152178.81031094713","152178.81031094713","0","152178.81031094713"
"3","23","24","0.10521095597772183","10.460746166170749","""1371167749""","180104.98318720842","180104.98318720842","180104.98318720842","0","180104.98318720842"
"3","24","24","0.10521095597772183","10.460746166170749","""-1616107713""","187015.38839654822","187015.38839654822","187015.38839654822","0","187015.38839654822"
"3","25","28","0.021179522392614634","10.577935454337377","""-1265664425""","27286.259714490967","27286.259714490967","27286.259714490967","0","27286.259714490967"
"3","26","28","0.021179522392614634","10.577935454337377","""1811592378""","17086.159836818464","17086.159836818464","17086.159836818464","0","17086.159836818464"
"3","27","28","0.021179522392614634","10.577935454337377","""1806642691""","13912.014657773077","13912.014657773077","13912.014657773077","0","13912.014657773077"
"3","28","28","0.021179522392614634","10.577935454337377","""650805881""","1059.1694348034216","1059.1694348034216","1059.1694348034216","0","1059.1694348034216"
"3","29","32","0.019714656290531776","10.484702830548562","""602096212""","33400.66450549546","33400.66450549546","33400.66450549546","0","33400.66450549546"
"3","30","32","0.019714656290531776","10.484702830548562","""1719918513""","3002.08578185027","3002.08578185027","3002.08578185027","0","3002.08578185027"
"3","31","32","0.019714656290531776","10.484702830548562","""1891365438""","48388.75674363796","48388.75674363796","48388.75674363796","0","48388.75674363796"
"3","32","32","0.019714656290531776","10.484702830548562","""1600829526""","24405.80476317869","24405.80476317869","24405.80476317869","0","24405.80476317869"
"3","33","36","0.021179522392614634","10.57778286411841","""108587706""","17194.81889371213","17194.81889371213","17194.81889371213","0","17194.81889371213"
"3","34","36","0.021179522392614634","10.57778286411841","""1864274779""","15327.139479597216","15327.139479597216","15327.139479597216","0","15327.139479597216"
"3","35","36","0.021179522392614634","10.57778286411841","""-1717777911""","4371.066639533732","4371.066639533732","4371.066639533732","0","4371.066639533732"
"3","36","36","0.021179522392614634","10.57778286411841","""-2093660110""","13625.031523696962","13625.031523696962","13625.031523696962","0","13625.031523696962"
"3","37","40","0.010055695429922943","10.57778286411841","""1265936072""","95862.26480123121","95862.26480123121","95862.26480123121","0","95862.26480123121"
"3","38","40","0.010055695429922943","10.57778286411841","""411220942""","166485.83009879454","166485.83009879454","166485.83009879454","0","166485.83009879454"
"3","39","40","0.010055695429922943","10.57778286411841","""-1204734131""","135651.65682838333","135651.65682838333","135651.65682838333","0","135651.65682838333"
"3","40","40","0.010055695429922943","10.57778286411841","""1742629899""","96958.00138881","96958.00138881","96958.00138881","0","96958.00138881"
"3","41","44","0.08368047608148317","10.57778286411841","""-680886055""","138989.36654078471","138989.36654078471","138989.36654078471","0","138989.36654078471"
"3","42","44","0.08368047608148317","10.57778286411841","""1741651502""","151956.43949574605","151956.43949574605","151956.43949574605","0","151956.43949574605"
"3","43","44","0.08368047608148317","10.57778286411841","""36360325""","153822.8342662776","153822.8342662776","153822.8342662776","0","153822.8342662776"
"3","44","44","0.08368047608148317","10.57778286411841","""1925051830""","149849.10542349739","149849.10542349739","149849.10542349739","0","149849.10542349739"
"3","45","48","0.010055695429922943","10.579613946746013","""-1767348773""","163861.14282222267","163861.14282222267","163861.14282222267","0","163861.14282222267"
"3","46","48","0.010055695429922943","10.579613946746013","""-1852628173""","100825.86186699185","100825.86186699185","100825.86186699185","0","100825.86186699185"
"3","47","48","0.010055695429922943","10.579613946746013","""-898013722""","164743.81647004373","164743.81647004373","164743.81647004373","0","164743.81647004373"
"3","48","48","0.010055695429922943","10.579613946746013","""-1178509305""","217032.2044458926","217032.2044458926","217032.2044458926","0","217032.2044458926"
"3","49","52","0.021179522392614634","6.417563134203098","""-623273848""","29150.300031743478","29150.300031743478","29150.300031743478","0","29150.300031743478"
"3","50","52","0.021179522392614634","6.417563134203098","""1443697252""","21515.594310019747","21515.594310019747","21515.594310019747","0","21515.594310019747"
"3","51","52","0.021179522392614634","6.417563134203098","""-165886828""","30667.32842750277","30667.32842750277","30667.32842750277","0","30667.32842750277"
"3","52","52","0.021179522392614634","6.417563134203098","""-941974675""","4184.219558496028","4184.219558496028","4184.219558496028","0","4184.219558496028"
"3","53","56","0.22821393148699168","10.57778286411841","""-1297658189""","268137.0764814097","268137.0764814097","268137.0764814097","0","268137.0764814097"
"3","54","56","0.22821393148699168","10.57778286411841","""-175751701""","270140.3070227373","270140.3070227373","270140.3070227373","0","270140.3070227373"
"3","55","56","0.22821393148699168","10.57778286411841","""-2009616538""","257752.7060598497","257752.7060598497","257752.7060598497","0","257752.7060598497"
"3","56","56","0.22821393148699168","10.57778286411841","""-349961536""","263648.9616477995","263648.9616477995","263648.9616477995","0","263648.9616477995"
"3","57","60","0.9782711528191043","1.422369726100557","""-1709792170""","317911.3136168908","317911.3136168908","317911.3136168908","0","317911.3136168908"
"3","58","60","0.9782711528191043","1.422369726100557","""1204732889""","312339.0403595705","312339.0403595705","312339.0403595705","0","312339.0403595705"
"3","59","60","0.9782711528191043","1.422369726100557","""754171025""","319598.8430948659","319598.8430948659","319598.8430948659","0","319598.8430948659"
"3","60","60","0.9782711528191043","1.422369726100557","""-1610835702""","317417.0295361522","317417.0295361522","317417.0295361522","0","317417.0295361522"
"3","61","64","0.02119478141451133","10.577630273899443","""-1126511724""","23.785631351755","23.785631351755","23.785631351755","0","23.785631351755"
"3","62","64","0.02119478141451133","10.577630273899443","""662074218""","8537.76758801553","8537.76758801553","8537.76758801553","0","8537.76758801553"
"3","63","64","0.02119478141451133","10.577630273899443","""1961137083""","23959.75221140904","23959.75221140904","23959.75221140904","0","23959.75221140904"
"3","64","64","0.02119478141451133","10.577630273899443","""1005202833""","4808.691452731495","4808.691452731495","4808.691452731495","0","4808.691452731495"
"3","65","68","0.02566567483024338","6.417410543984131","""-14847623""","16279.846495931153","16279.846495931153","16279.846495931153","0","16279.846495931153"
"3","66","68","0.02566567483024338","6.417410543984131","""1541043214""","6117.923153389711","6117.923153389711","6117.923153389711","0","6117.923153389711"
"3","67","68","0.02566567483024338","6.417410543984131","""-2046368755""","35155.99915418087","35155.99915418087","35155.99915418087","0","35155.99915418087"
"3","68","68","0.02566567483024338","6.417410543984131","""-1940821455""","43418.51810977596","43418.51810977596","43418.51810977596","0","43418.51810977596"
"3","69","72","0.021210040436408027","10.79751277943084","""84385149""","4942.945589263109","4942.945589263109","4942.945589263109","0","4942.945589263109"
"3","70","72","0.021210040436408027","10.79751277943084","""-253084394""","30066.62245669437","30066.62245669437","30066.62245669437","0","30066.62245669437"
"3","71","72","0.021210040436408027","10.79751277943084","""1850664440""","4900.082319132402","4900.082319132402","4900.082319132402","0","4900.082319132402"
"3","72","72","0.021210040436408027","10.79751277943084","""329737367""","938.4506396341603","938.4506396341603","938.4506396341603","0","938.4506396341603"
"3","73","76","0.020950637064164186","10.577630273899443","""-1155345928""","13779.990531488555","13779.990531488555","13779.990531488555","0","13779.990531488555"
"3","74","76","0.020950637064164186","10.577630273899443","""797607746""","780.7318040046375","780.7318040046375","780.7318040046375","0","780.7318040046375"
"3","75","76","0.020950637064164186","10.577630273899443","""-534096262""","31073.65806118434","31073.65806118434","31073.65806118434","0","31073.65806118434"
"3","76","76","0.020950637064164186","10.577630273899443","""201523940""","1707.7738423629198","1707.7738423629198","1707.7738423629198","0","1707.7738423629198"
"3","77","80","0.019806210421911954","10.17463950560769","""-912349466""","22011.09800605965","22011.09800605965","22011.09800605965","0","22011.09800605965"
"3","78","80","0.019806210421911954","10.17463950560769","""-1071412652""","3070.9483895782614","3070.9483895782614","3070.9483895782614","0","3070.9483895782614"
"3","79","80","0.019806210421911954","10.17463950560769","""1574063955""","28251.538435957627","28251.538435957627","28251.538435957627","0","28251.538435957627"
"3","80","80","0.019806210421911954","10.17463950560769","""1115003691""","40819.1072535594","40819.1072535594","40819.1072535594","0","40819.1072535594"
"3","81","84","0.47879758907454034","10.573357747768368","""1116583667""","298225.5503137268","298225.5503137268","298225.5503137268","0","298225.5503137268"
"3","82","84","0.47879758907454034","10.573357747768368","""-91591193""","302106.54970237135","302106.54970237135","302106.54970237135","0","302106.54970237135"
"3","83","84","0.47879758907454034","10.573357747768368","""-1493536736""","299478.49954895605","299478.49954895605","299478.49954895605","0","299478.49954895605"
"3","84","84","0.47879758907454034","10.573357747768368","""-927469884""","298680.1647154337","298680.1647154337","298680.1647154337","0","298680.1647154337"
"3","85","88","0.021149004348821242","10.577172503242542","""-1744593408""","9008.038997187628","9008.038997187628","9008.038997187628","0","9008.038997187628"
"3","86","88","0.021149004348821242","10.577172503242542","""2113217566""","3795.0066211543744","3795.0066211543744","3795.0066211543744","0","3795.0066211543744"
"3","87","88","0.021149004348821242","10.577172503242542","""-1496511613""","4902.914846254163","4902.914846254163","4902.914846254163","0","4902.914846254163"
"3","88","88","0.021149004348821242","10.577172503242542","""851172598""","3047.948867684696","3047.948867684696","3047.948867684696","0","3047.948867684696"
"3","89","92","0.021805142290379186","10.577172503242542","""-30287666""","8382.979563139845","8382.979563139845","8382.979563139845","0","8382.979563139845"
"3","90","92","0.021805142290379186","10.577172503242542","""-2091203391""","4487.223865153617","4487.223865153617","4487.223865153617","0","4487.223865153617"
"3","91","92","0.021805142290379186","10.577172503242542","""-1362292797""","14831.504410494817","14831.504410494817","14831.504410494817","0","14831.504410494817"
"3","92","92","0.021805142290379186","10.577172503242542","""-1741680048""","29197.695228531375","29197.695228531375","29197.695228531375","0","29197.695228531375"
"3","93","96","0.9788509956511787","10.577172503242542","""-1278223186""","308827.1492163855","308827.1492163855","308827.1492163855","0","308827.1492163855"
"3","94","96","0.9788509956511787","10.577172503242542","""1263500849""","308170.2891744819","308170.2891744819","308170.2891744819","0","308170.2891744819"
"3","95","96","0.9788509956511787","10.577172503242542","""2028041228""","308979.31697560253","308979.31697560253","308979.31697560253","0","308979.31697560253"
"3","96","96","0.9788509956511787","10.577172503242542","""1787741633""","308241.78131605306","308241.78131605306","308241.78131605306","0","308241.78131605306"
"3","97","100","0.02107270923933776","10.577172503242542","""1211099347""","8733.701538182795","8733.701538182795","8733.701538182795","0","8733.701538182795"
"3","98","100","0.02107270923933776","10.577172503242542","""-576804178""","7245.018461885629","7245.018461885629","7245.018461885629","0","7245.018461885629"
"3","99","100","0.02107270923933776","10.577172503242542","""-1601384128""","5916.549672441091","5916.549672441091","5916.549672441091","0","5916.549672441091"
"3","100","100","0.02107270923933776","10.577172503242542","""1150622808""","19551.499443279114","19551.499443279114","19551.499443279114","0","19551.499443279114"
"3","101","104","0.10377660791943237","10.577172503242542","""-989634121""","184127.17953481805","184127.17953481805","184127.17953481805","0","184127.17953481805"
"3","102","104","0.10377660791943237","10.577172503242542","""-922052093""","189722.89862029604","189722.89862029604","189722.89862029604","0","189722.89862029604"
"3","103","104","0.10377660791943237","10.577172503242542","""-500165736""","186709.83635185752","186709.83635185752","186709.83635185752","0","186709.83635185752"
"3","104","104","0.10377660791943237","10.577172503242542","""-1448666906""","182736.10043920157","182736.10043920157","182736.10043920157","0","182736.10043920157"
"3","105","108","0.044586861982146946","10.577172503242542","""1444615149""","17124.728997334838","17124.728997334838","17124.728997334838","0","17124.728997334838"
"3","106","108","0.044586861982146946","10.577172503242542","""-1387130434""","34226.35119802784","34226.35119802784","34226.35119802784","0","34226.35119802784"
"3","107","108","0.044586861982146946","10.577172503242542","""529169538""","39116.37227613898","39116.37227613898","39116.37227613898","0","39116.37227613898"
"3","108","108","0.044586861982146946","10.577172503242542","""1637595133""","15245.45283397776","15245.45283397776","15245.45283397776","0","15245.45283397776"
"3","109","112","0.021149004348821242","10.582970931563286","""-1731251621""","7304.624046833371","7304.624046833371","7304.624046833371","0","7304.624046833371"
"3","110","112","0.021149004348821242","10.582970931563286","""220724023""","18771.028593253344","18771.028593253344","18771.028593253344","0","18771.028593253344"
"3","111","112","0.021149004348821242","10.582970931563286","""1831421846""","8979.44384744775","8979.44384744775","8979.44384744775","0","8979.44384744775"
"3","112","112","0.021149004348821242","10.582970931563286","""-1798832755""","12685.687697529094","12685.687697529094","12685.687697529094","0","12685.687697529094"
"3","113","116","0.9788509956511787","10.577172503242542","""803259984""","311442.1963325368","311442.1963325368","311442.1963325368","0","311442.1963325368"
"3","114","116","0.9788509956511787","10.577172503242542","""535552834""","309447.06007824064","309447.06007824064","309447.06007824064","0","309447.06007824064"
"3","115","116","0.9788509956511787","10.577172503242542","""-1352639953""","306216.887082133","306216.887082133","306216.887082133","0","306216.887082133"
"3","116","116","0.9788509956511787","10.577172503242542","""-1031387787""","310998.39849428256","310998.39849428256","310998.39849428256","0","310998.39849428256"
"3","117","120","0.021149004348821242","10.635767147325856","""278165060""","18924.48315300222","18924.48315300222","18924.48315300222","0","18924.48315300222"
"3","118","120","0.021149004348821242","10.635767147325856","""-99454739""","17104.287234855583","17104.287234855583","17104.287234855583","0","17104.287234855583"
"3","119","120","0.021149004348821242","10.635767147325856","""-2881178""","16858.00809264148","16858.00809264148","16858.00809264148","0","16858.00809264148"
"3","120","120","0.021149004348821242","10.635767147325856","""-1271685572""","17984.38901572849","17984.38901572849","17984.38901572849","0","17984.38901572849"
"3","121","124","0.021149004348821242","10.645532921339742","""-1025543311""","34187.24725005333","34187.24725005333","34187.24725005333","0","34187.24725005333"
"3","122","124","0.021149004348821242","10.645532921339742","""131188238""","27737.526401348878","27737.526401348878","27737.526401348878","0","27737.526401348878"
"3","123","124","0.021149004348821242","10.645532921339742","""-947589975""","29648.68446670333","29648.68446670333","29648.68446670333","0","29648.68446670333"
"3","124","124","0.021149004348821242","10.645532921339742","""-1015062075""","6333.532496049651","6333.532496049651","6333.532496049651","0","6333.532496049651"
"3","125","128","0.021149004348821242","10.733424887464713","""-2041715708""","2358.578587096301","2358.578587096301","2358.578587096301","0","2358.578587096301"
"3","126","128","0.021149004348821242","10.733424887464713","""953888150""","31172.895972014987","31172.895972014987","31172.895972014987","0","31172.895972014987"
"3","127","128","0.021149004348821242","10.733424887464713","""-31709964""","49621.15210133139","49621.15210133139","49621.15210133139","0","49621.15210133139"
"3","128","128","0.021149004348821242","10.733424887464713","""286311955""","8426.808411897742","8426.808411897742","8426.808411897742","0","8426.808411897742"
"3","129","132","0.22879377431906614","1.827191577019913","""977101233""","249857.51754957926","249857.51754957926","249857.51754957926","0","249857.51754957926"
"3","130","132","0.22879377431906614","1.827191577019913","""1280988018""","275797.01710876205","275797.01710876205","275797.01710876205","0","275797.01710876205"
"3","131","132","0.22879377431906614","1.827191577019913","""-1288268899""","260989.86124573543","260989.86124573543","260989.86124573543","0","260989.86124573543"
"3","132","132","0.22879377431906614","1.827191577019913","""1840063527""","257665.32157866476","257665.32157866476","257665.32157866476","0","257665.32157866476"
"3","133","136","0.02119478141451133","10.485008010986496","""-1163881075""","1116.0702088689432","1116.0702088689432","1116.0702088689432","0","1116.0702088689432"
"3","134","136","0.02119478141451133","10.485008010986496","""-494052685""","9359.040642747423","9359.040642747423","9359.040642747423","0","9359.040642747423"
"3","135","136","0.02119478141451133","10.485008010986496","""1739524700""","10985.4486358969","10985.4486358969","10985.4486358969","0","10985.4486358969"
"3","136","136","0.02119478141451133","10.485008010986496","""698808011""","17613.536975321826","17613.536975321826","17613.536975321826","0","17613.536975321826"
"3","137","140","0.02107270923933776","10.583123521782253","""1334709515""","123.90048856835347","123.90048856835347","123.90048856835347","0","123.90048856835347"
"3","138","140","0.02107270923933776","10.583123521782253","""-233438299""","27900.71852267254","27900.71852267254","27900.71852267254","0","27900.71852267254"
"3","139","140","0.02107270923933776","10.583123521782253","""-1614362844""","30763.088207374094","30763.088207374094","30763.088207374094","0","30763.088207374094"
"3","140","140","0.02107270923933776","10.583123521782253","""217628864""","10398.557496179594","10398.557496179594","10398.557496179594","0","10398.557496179594"
"3","141","144","0.021164263370717938","10.577172503242542","""665065586""","12158.457846599165","12158.457846599165","12158.457846599165","0","12158.457846599165"
"3","142","144","0.021164263370717938","10.577172503242542","""-2005186686""","20308.088817863027","20308.088817863027","20308.088817863027","0","20308.088817863027"
"3","143","144","0.021164263370717938","10.577172503242542","""1439827178""","25963.88865877618","25963.88865877618","25963.88865877618","0","25963.88865877618"
"3","144","144","0.021164263370717938","10.577172503242542","""467717203""","16945.335107495775","16945.335107495775","16945.335107495775","0","16945.335107495775"
"3","145","148","0.021149004348821242","10.171892881666285","""143989417""","1419.3245959786","1419.3245959786","1419.3245959786","0","1419.3245959786"
"3","146","148","0.021149004348821242","10.171892881666285","""80498587""","20191.40156265511","20191.40156265511","20191.40156265511","0","20191.40156265511"
"3","147","148","0.021149004348821242","10.171892881666285","""-101405005""","29761.88421678578","29761.88421678578","29761.88421678578","0","29761.88421678578"
"3","148","148","0.021149004348821242","10.171892881666285","""522902665""","25701.42438009125","25701.42438009125","25701.42438009125","0","25701.42438009125"
"3","149","152","0.021149004348821242","10.57579919127184","""1134774109""","14378.125373076065","14378.125373076065","14378.125373076065","0","14378.125373076065"
"3","150","152","0.021149004348821242","10.57579919127184","""-1335808624""","7054.547899676603","7054.547899676603","7054.547899676603","0","7054.547899676603"
"3","151","152","0.021149004348821242","10.57579919127184","""869048043""","32716.41312912968","32716.41312912968","32716.41312912968","0","32716.41312912968"
"3","152","152","0.021149004348821242","10.57579919127184","""-1494138294""","20715.929285414168","20715.929285414168","20715.929285414168","0","20715.929285414168"
